material_id_A,material_group_A,description_A,unit_A,material_id_B,material_group_B,description_B,unit_B,is_same_entity
MAT1268,HALB,Connector M8 HALB,KG,MAT1016,VERP,Connector M6 VERP,KG,0
MAT1138,ROH,Bolt 10mm ROH,M,MAT1267,HALB,Screw M10 HALB,M,0
MAT1125,HALB,Connector 10mm HALB,PC,MAT1125,HALB,Connector 10mm HALB,PC,1
MAT1142,ROH,Connector M8 ROH,M,MAT1142_ALT,ROH,Connector M8 ROH,M,1
MAT1067,FERT,Bolt M8 FERT,PC,MAT1124,VERP,Bracket M6 VERP,M,0
MAT1026,FERT,Connector M6 FERT,PC,MAT1244,ROH,Bracket M6 ROH,KG,0
MAT1277,HALB,Cable 10mm HALB,KG,MAT1277,HALB,Cable 10mm HALB,KG,1
MAT1057,VERP,Connector M8 VERP,M,MAT1057_ALT,VERP,Connector M8 VERP,M,1
MAT1000,FERT,Bracket 20mm FERT,KG,MAT1252,HALB,Washer 20mm HALB,KG,0
MAT1153,FERT,Cable M8 FERT,KG,MAT1140,FERT,Connector 10mm FERT,PC,0
MAT1093,VERP,Bolt M10 VERP,M,MAT1240,VERP,Screw M8 VERP,PC,0
MAT1155,ROH,Bracket M10 ROH,M,MAT1275,HALB,Screw M6 HALB,PC,0
MAT1256,FERT,Washer 20mm FERT,KG,MAT1256,FERT,Washer 20mm FERT,KG,1
MAT1107,HALB,Washer M8 HALB,PC,MAT1202,HALB,Screw 20mm HALB,M,0
MAT1264,VERP,Connector 20mm VERP,KG,MAT1264,VERP,Connector 20mm VERP,KG,1
MAT1134,VERP,Washer M10 VERP,PC,MAT1134,VERP,Washer M10 VERP,PC,1
MAT1161,VERP,Washer 10mm VERP,M,MAT1161,VERP,Washer 10mm VERP,M,1
MAT1206,ROH,Bracket M10 ROH,M,MAT1206_ALT,ROH,Bracket M10 ROH,M,1
MAT1009,HALB,Screw M10 HALB,KG,MAT1191,ROH,Washer 10mm ROH,KG,0
MAT1286,HALB,Screw 20mm HALB,M,MAT1286,HALB,Screw 20mm HALB,M,1
MAT1124,HALB,Washer 10mm HALB,M,MAT1124,HALB,Washer 10mm HALB,M,1
MAT1199,VERP,Screw M10 VERP,M,MAT1192,ROH,Bolt M6 ROH,M,0
MAT1275,FERT,Bracket M10 FERT,PC,MAT1275,FERT,Bracket M10 FERT,PC,1
MAT1211,HALB,Screw 20mm HALB,KG,MAT1211,HALB,Screw 20mm HALB,KG,1
MAT1125,FERT,Cable 20mm FERT,M,MAT1125,FERT,Cable 20mm FERT,M,1
MAT1011,HALB,Bolt M10 HALB,KG,MAT1228,HALB,Screw M10 HALB,KG,0
MAT1185,FERT,Screw M10 FERT,KG,MAT1185,FERT,Screw M10 FERT,KG,1
MAT1210,VERP,Bracket 10mm VERP,PC,MAT1210_ALT,VERP,Bracket 10mm VERP,PC,1
MAT1262,FERT,Bolt 20mm FERT,KG,MAT1016,FERT,Cable 10mm FERT,KG,0
MAT1034,ROH,Cable M6 ROH,M,MAT1057,HALB,Cable M6 HALB,M,0
MAT1097,ROH,Connector 10mm ROH,KG,MAT1238,VERP,Connector M8 VERP,M,0
MAT1093,FERT,Bracket 20mm FERT,M,MAT1093,FERT,Bracket 20mm FERT,M,1
MAT1205,FERT,Bolt 20mm FERT,KG,MAT1009,ROH,Screw M10 ROH,KG,0
MAT1114,FERT,Cable 10mm FERT,M,MAT1114,FERT,Cable 10mm FERT,M,1
MAT1295,HALB,Screw M8 HALB,PC,MAT1157,HALB,Bolt M6 HALB,M,0
MAT1020,HALB,Cable M10 HALB,PC,MAT1167,FERT,Screw M8 FERT,PC,0
MAT1217,FERT,Screw M8 FERT,KG,MAT1217,FERT,Screw M8 FERT,KG,1
MAT1192,ROH,Bracket M8 ROH,KG,MAT1192,ROH,Bracket M8 ROH,KG,1
MAT1105,VERP,Cable M6 VERP,PC,MAT1105_ALT,VERP,Cable M6 VERP,PC,1
MAT1264,ROH,Screw M8 ROH,PC,MAT1250,FERT,Connector M10 FERT,KG,0
MAT1046,FERT,Bracket M10 FERT,M,MAT1046,FERT,Bracket M10 FERT,M,1
MAT1194,VERP,Bracket M6 VERP,KG,MAT1194,VERP,Bracket M6 VERP,KG,1
MAT1222,FERT,Screw M6 FERT,M,MAT1199,VERP,Bolt M10 VERP,M,0
MAT1165,ROH,Screw M8 ROH,PC,MAT1289,ROH,Screw 20mm ROH,PC,0
MAT1240,ROH,Bolt 20mm ROH,PC,MAT1240_ALT,ROH,Bolt - Zinc 20mm ROH,PC,1
MAT1212,HALB,Bracket M8 HALB,PC,MAT1212_ALT,HALB,Bracket M8 HALB,PC,1
MAT1092,FERT,Bolt M8 FERT,PC,MAT1254,HALB,Washer 10mm HALB,M,0
MAT1135,FERT,Bolt M6 FERT,KG,MAT1135,FERT,Hex Bolt M6 FERT,KG,1
MAT1073,VERP,Bolt 20mm VERP,KG,MAT1073,VERP,Bolt - Zinc 20mm VERP,KG,1
MAT1080,ROH,Bolt M10 ROH,PC,MAT1047,VERP,Bolt M6 VERP,KG,0
MAT1212,VERP,Screw 20mm VERP,M,MAT1212,VERP,Screw 20mm VERP,M,1
MAT1131,HALB,Washer 20mm HALB,KG,MAT1131_ALT,HALB,Washer 20mm HALB,KG,1
MAT1244,VERP,Connector 20mm VERP,PC,MAT1064,HALB,Cable M8 HALB,PC,0
MAT1042,ROH,Connector 10mm ROH,KG,MAT1042_ALT,ROH,Connector 10mm ROH,KG,1
MAT1128,HALB,Connector M10 HALB,KG,MAT1128,HALB,Connector M10 HALB,KG,1
MAT1266,FERT,Screw M10 FERT,KG,MAT1191,HALB,Cable M6 HALB,M,0
MAT1197,ROH,Screw M8 ROH,PC,MAT1073,ROH,Screw M8 ROH,KG,0
MAT1292,VERP,Bracket M10 VERP,PC,MAT1292,VERP,Bracket M10 VERP,PC,1
MAT1109,VERP,Cable M10 VERP,M,MAT1109,VERP,Cable M10 VERP,M,1
MAT1263,FERT,Washer M8 FERT,KG,MAT1263,FERT,Washer M8 FERT,KG,1
MAT1233,ROH,Connector M10 ROH,M,MAT1134,ROH,Washer 10mm ROH,M,0
MAT1278,HALB,Bolt M8 HALB,KG,MAT1278_ALT,HALB,Bolt M8 HALB,KG,1
MAT1151,HALB,Washer M10 HALB,KG,MAT1223,ROH,Cable M8 ROH,KG,0
MAT1261,HALB,Screw M8 HALB,PC,MAT1101,FERT,Cable 20mm FERT,PC,0
MAT1271,ROH,Cable M10 ROH,M,MAT1117,HALB,Washer M8 HALB,PC,0
MAT1115,HALB,Cable 20mm HALB,KG,MAT1103,FERT,Bolt 10mm FERT,KG,0
MAT1267,VERP,Bracket 10mm VERP,KG,MAT1267,VERP,Bracket 10mm VERP,KG,1
MAT1128,FERT,Screw 20mm FERT,M,MAT1128_ALT,FERT,Screw 20mm FERT,M,1
MAT1071,HALB,Bracket M8 HALB,PC,MAT1200,HALB,Connector 10mm HALB,KG,0
MAT1127,FERT,Bolt M8 FERT,KG,MAT1071,VERP,Bolt 20mm VERP,M,0
MAT1227,HALB,Connector M10 HALB,KG,MAT1227,HALB,Connector M10 HALB,KG,1
MAT1268,ROH,Connector 20mm ROH,KG,MAT1118,VERP,Washer M6 VERP,M,0
MAT1232,HALB,Bolt M10 HALB,KG,MAT1020,VERP,Washer M6 VERP,M,0
MAT1299,HALB,Connector 10mm HALB,KG,MAT1299,HALB,Connector 10mm HALB,KG,1
MAT1185,HALB,Connector 10mm HALB,M,MAT1185_ALT,HALB,Connector 10mm HALB,M,1
MAT1053,FERT,Connector M10 FERT,KG,MAT1053,FERT,Connector M10 FERT,KG,1
MAT1128,FERT,Bolt M6 FERT,PC,MAT1128,FERT,Hex Bolt M6 FERT,PC,1
MAT1253,HALB,Cable 10mm HALB,M,MAT1253,HALB,Cable 10mm HALB,M,1
MAT1289,VERP,Cable 20mm VERP,M,MAT1289,VERP,Cable 20mm VERP,M,1
MAT1050,ROH,Bolt M8 ROH,KG,MAT1050,ROH,Bolt - Zinc M8 ROH,KG,1
MAT1215,VERP,Connector M6 VERP,KG,MAT1225,VERP,Cable 20mm VERP,PC,0
MAT1221,ROH,Screw 20mm ROH,PC,MAT1012,FERT,Bolt M10 FERT,KG,0
MAT1233,FERT,Washer M10 FERT,KG,MAT1127,FERT,Bracket M6 FERT,KG,0
MAT1134,HALB,Screw 20mm HALB,M,MAT1134,HALB,Screw 20mm HALB,M,1
MAT1178,HALB,Bracket M6 HALB,KG,MAT1178,HALB,Bracket M6 HALB,KG,1
MAT1116,FERT,Washer M6 FERT,M,MAT1046,VERP,Washer 20mm VERP,KG,0
MAT1195,HALB,Washer 10mm HALB,KG,MAT1172,VERP,Washer M8 VERP,PC,0
MAT1057,HALB,Cable M10 HALB,M,MAT1057,HALB,Cable M10 HALB,M,1
MAT1286,HALB,Bracket 20mm HALB,M,MAT1286,HALB,Bracket 20mm HALB,M,1
MAT1207,FERT,Screw M10 FERT,M,MAT1207,FERT,Screw M10 FERT,M,1
MAT1053,FERT,Cable 20mm FERT,PC,MAT1165,HALB,Bracket M6 HALB,PC,0
MAT1140,ROH,Bracket M8 ROH,M,MAT1112,HALB,Screw 10mm HALB,M,0
MAT1074,ROH,Washer M8 ROH,PC,MAT1247,VERP,Bracket 20mm VERP,M,0
MAT1098,VERP,Screw 20mm VERP,M,MAT1204,VERP,Connector M10 VERP,M,0
MAT1186,FERT,Bracket M10 FERT,KG,MAT1120,FERT,Cable M10 FERT,PC,0
MAT1068,FERT,Connector M8 FERT,M,MAT1296,HALB,Bolt 20mm HALB,M,0
MAT1160,ROH,Cable M8 ROH,M,MAT1160,ROH,Cable M8 ROH,M,1
MAT1283,HALB,Bracket M10 HALB,M,MAT1027,VERP,Cable 10mm VERP,KG,0
MAT1033,HALB,Bolt 20mm HALB,KG,MAT1286,ROH,Washer 10mm ROH,M,0
MAT1181,ROH,Connector M10 ROH,M,MAT1181,ROH,Connector M10 ROH,M,1
MAT1251,VERP,Connector M8 VERP,KG,MAT1251,VERP,Connector M8 VERP,KG,1
MAT1155,FERT,Screw 20mm FERT,M,MAT1155_ALT,FERT,Screw 20mm FERT,M,1
MAT1161,ROH,Cable M6 ROH,M,MAT1183,ROH,Bolt 20mm ROH,PC,0
MAT1082,HALB,Screw 20mm HALB,PC,MAT1092,ROH,Connector 10mm ROH,M,0
MAT1045,ROH,Bracket 20mm ROH,M,MAT1045_ALT,ROH,Bracket 20mm ROH,M,1
MAT1195,VERP,Screw M10 VERP,PC,MAT1049,FERT,Washer M8 FERT,M,0
MAT1129,VERP,Bolt M8 VERP,KG,MAT1129,VERP,Bolt M8 VERP,KG,1
MAT1041,FERT,Bracket M6 FERT,M,MAT1041,FERT,Bracket M6 FERT,M,1
MAT1285,ROH,Connector M10 ROH,PC,MAT1285,ROH,Connector M10 ROH,PC,1
MAT1167,VERP,Washer M6 VERP,M,MAT1167,VERP,Washer M6 VERP,M,1
MAT1096,VERP,Screw 20mm VERP,PC,MAT1176,ROH,Connector M8 ROH,M,0
MAT1090,VERP,Connector M8 VERP,M,MAT1090,VERP,Connector M8 VERP,M,1
MAT1019,ROH,Washer M10 ROH,PC,MAT1019,ROH,Washer M10 ROH,PC,1
MAT1085,ROH,Bracket M8 ROH,M,MAT1079,FERT,Bracket 20mm FERT,KG,0
MAT1059,ROH,Washer M8 ROH,KG,MAT1072,HALB,Bracket M8 HALB,KG,0
MAT1030,VERP,Connector 20mm VERP,PC,MAT1030_ALT,VERP,Connector 20mm VERP,PC,1
MAT1164,VERP,Cable M8 VERP,KG,MAT1164,HALB,Bracket M8 HALB,KG,0
MAT1218,VERP,Bracket 10mm VERP,PC,MAT1251,ROH,Bracket M6 ROH,KG,0
MAT1199,FERT,Bracket M10 FERT,M,MAT1028,ROH,Screw M6 ROH,KG,0
MAT1292,HALB,Connector M10 HALB,M,MAT1024,ROH,Bolt M10 ROH,KG,0
MAT1275,ROH,Connector 10mm ROH,M,MAT1275,ROH,Connector 10mm ROH,M,1
MAT1022,HALB,Bolt 10mm HALB,PC,MAT1113,FERT,Bolt M8 FERT,KG,0
MAT1007,ROH,Bracket M8 ROH,M,MAT1007,ROH,Bracket M8 ROH,M,1
MAT1123,FERT,Screw 10mm FERT,PC,MAT1123,FERT,Screw 10mm FERT,PC,1
MAT1072,HALB,Cable M10 HALB,KG,MAT1072,HALB,Cable M10 HALB,KG,1
MAT1158,HALB,Connector M10 HALB,KG,MAT1005,VERP,Bracket 10mm VERP,KG,0
MAT1097,VERP,Washer 20mm VERP,PC,MAT1202,ROH,Connector 10mm ROH,PC,0
MAT1114,ROH,Connector M6 ROH,PC,MAT1081,VERP,Bolt M8 VERP,M,0
MAT1131,VERP,Washer 20mm VERP,KG,MAT1131,VERP,Washer 20mm VERP,KG,1
MAT1061,VERP,Screw M6 VERP,M,MAT1061_ALT,VERP,Screw M6 VERP,M,1
MAT1018,VERP,Bracket M6 VERP,PC,MAT1018,VERP,Bracket M6 VERP,PC,1
MAT1034,HALB,Bracket 20mm HALB,KG,MAT1034,HALB,Bracket 20mm HALB,KG,1
MAT1021,HALB,Screw M10 HALB,PC,MAT1021,HALB,Screw M10 HALB,PC,1
MAT1128,HALB,Washer 10mm HALB,PC,MAT1128_ALT,HALB,Washer 10mm HALB,PC,1
MAT1078,FERT,Cable M6 FERT,PC,MAT1078,FERT,Cable M6 FERT,PC,1
MAT1224,ROH,Bracket M6 ROH,PC,MAT1224,ROH,Bracket M6 ROH,PC,1
MAT1073,FERT,Bolt M6 FERT,M,MAT1033,VERP,Cable 20mm VERP,PC,0
MAT1086,FERT,Washer M6 FERT,PC,MAT1053,HALB,Bolt 10mm HALB,PC,0
MAT1198,ROH,Screw M6 ROH,M,MAT1279,ROH,Bolt 10mm ROH,M,0
MAT1144,VERP,Bracket M8 VERP,M,MAT1251,FERT,Washer 10mm FERT,KG,0
MAT1078,VERP,Cable M10 VERP,PC,MAT1073,FERT,Connector M8 FERT,KG,0
MAT1082,FERT,Connector M6 FERT,KG,MAT1153,HALB,Bolt 10mm HALB,KG,0
MAT1277,HALB,Bracket M8 HALB,M,MAT1180,HALB,Bracket 10mm HALB,KG,0
MAT1231,VERP,Bracket 10mm VERP,KG,MAT1231,VERP,Bracket 10mm VERP,KG,1
MAT1271,HALB,Screw M8 HALB,M,MAT1271,HALB,Screw M8 HALB,M,1
MAT1186,VERP,Cable 10mm VERP,KG,MAT1157,HALB,Bracket M8 HALB,KG,0
MAT1231,FERT,Cable 10mm FERT,PC,MAT1231,FERT,Cable 10mm FERT,PC,1
MAT1080,VERP,Cable 10mm VERP,PC,MAT1226,ROH,Connector M8 ROH,KG,0
MAT1088,FERT,Connector 20mm FERT,PC,MAT1205,HALB,Screw 10mm HALB,KG,0
MAT1066,VERP,Washer 20mm VERP,M,MAT1066,VERP,Washer 20mm VERP,M,1
MAT1049,ROH,Bolt M6 ROH,PC,MAT1027,FERT,Bolt M10 FERT,KG,0
MAT1077,HALB,Washer M6 HALB,KG,MAT1077,HALB,Washer M6 HALB,KG,1
MAT1228,VERP,Washer M8 VERP,KG,MAT1155,ROH,Cable M8 ROH,PC,0
MAT1060,VERP,Screw 20mm VERP,M,MAT1060,VERP,Screw 20mm VERP,M,1
MAT1127,ROH,Connector M8 ROH,KG,MAT1049,ROH,Screw 10mm ROH,KG,0
MAT1087,ROH,Cable M10 ROH,KG,MAT1087,ROH,Cable M10 ROH,KG,1
MAT1010,VERP,Connector 20mm VERP,KG,MAT1010_ALT,VERP,Connector 20mm VERP,KG,1
MAT1035,HALB,Screw 20mm HALB,KG,MAT1201,HALB,Bolt M8 HALB,M,0
MAT1042,FERT,Cable 10mm FERT,PC,MAT1042,FERT,Cable 10mm FERT,PC,1
MAT1086,FERT,Washer M8 FERT,M,MAT1086,FERT,Washer M8 FERT,M,1
MAT1012,VERP,Washer M8 VERP,PC,MAT1122,FERT,Washer 10mm FERT,KG,0
MAT1139,VERP,Connector M6 VERP,KG,MAT1139,VERP,Connector M6 VERP,KG,1
MAT1005,ROH,Washer 10mm ROH,PC,MAT1240,VERP,Bracket M6 VERP,M,0
MAT1192,FERT,Washer 20mm FERT,KG,MAT1208,FERT,Screw M10 FERT,M,0
MAT1098,VERP,Washer M10 VERP,PC,MAT1098_ALT,VERP,Washer M10 VERP,PC,1
MAT1163,ROH,Bolt M8 ROH,PC,MAT1163,ROH,Bolt M8 ROH,PC,1
MAT1078,HALB,Bolt M6 HALB,PC,MAT1078,HALB,Bolt - Zinc M6 HALB,PC,1
MAT1036,HALB,Cable 10mm HALB,M,MAT1169,ROH,Cable M6 ROH,PC,0
MAT1102,ROH,Screw M6 ROH,M,MAT1046,ROH,Bracket M8 ROH,PC,0
MAT1040,VERP,Washer 20mm VERP,PC,MAT1040,VERP,Washer 20mm VERP,PC,1
MAT1253,HALB,Bracket M10 HALB,M,MAT1031,VERP,Screw 20mm VERP,PC,0
MAT1101,FERT,Screw 20mm FERT,M,MAT1101_ALT,FERT,Screw 20mm FERT,M,1
MAT1038,HALB,Screw M10 HALB,PC,MAT1038,HALB,Screw M10 HALB,PC,1
MAT1151,VERP,Cable M10 VERP,PC,MAT1218,FERT,Washer M8 FERT,M,0
MAT1128,FERT,Screw M6 FERT,PC,MAT1128,FERT,Screw M6 FERT,PC,1
MAT1030,VERP,Bolt 10mm VERP,PC,MAT1045,FERT,Cable M10 FERT,M,0
MAT1033,FERT,Connector M10 FERT,KG,MAT1183,VERP,Washer 10mm VERP,KG,0
MAT1160,HALB,Screw 20mm HALB,PC,MAT1021,FERT,Bracket 10mm FERT,KG,0
MAT1206,VERP,Bracket 10mm VERP,PC,MAT1206,VERP,Bracket 10mm VERP,PC,1
MAT1012,HALB,Washer 10mm HALB,M,MAT1012,HALB,Washer 10mm HALB,M,1
MAT1088,HALB,Cable M8 HALB,PC,MAT1088,HALB,Cable M8 HALB,PC,1
MAT1138,FERT,Screw M6 FERT,KG,MAT1138,FERT,Screw M6 FERT,KG,1
MAT1281,FERT,Screw M8 FERT,KG,MAT1255,VERP,Bracket M8 VERP,KG,0
MAT1030,FERT,Bolt M6 FERT,KG,MAT1244,FERT,Screw M8 FERT,M,0
MAT1110,VERP,Bracket M6 VERP,KG,MAT1081,FERT,Connector M10 FERT,M,0
MAT1062,HALB,Cable M10 HALB,KG,MAT1191,HALB,Washer 20mm HALB,KG,0
MAT1228,FERT,Bracket M8 FERT,PC,MAT1228_ALT,FERT,Bracket M8 FERT,PC,1
MAT1160,VERP,Washer 20mm VERP,KG,MAT1160,VERP,Washer 20mm VERP,KG,1
MAT1065,FERT,Connector 20mm FERT,PC,MAT1121,HALB,Bracket 20mm HALB,KG,0
MAT1160,ROH,Bracket M8 ROH,M,MAT1164,ROH,Cable 10mm ROH,KG,0
MAT1136,ROH,Bracket 10mm ROH,PC,MAT1141,HALB,Washer M6 HALB,KG,0
MAT1001,FERT,Washer 20mm FERT,KG,MAT1001,FERT,Washer 20mm FERT,KG,1
MAT1248,FERT,Cable 20mm FERT,PC,MAT1096,ROH,Washer M6 ROH,M,0
MAT1268,FERT,Screw 10mm FERT,KG,MAT1005,FERT,Washer M8 FERT,PC,0
MAT1014,VERP,Bolt M10 VERP,KG,MAT1014,VERP,Bolt M10 VERP,KG,1
MAT1195,HALB,Cable 10mm HALB,KG,MAT1195,HALB,Cable 10mm HALB,KG,1
MAT1101,VERP,Washer M8 VERP,M,MAT1101,VERP,Washer M8 VERP,M,1
MAT1167,VERP,Washer M8 VERP,KG,MAT1167_ALT,VERP,Washer M8 VERP,KG,1
MAT1222,FERT,Bracket M8 FERT,KG,MAT1017,FERT,Washer 20mm FERT,M,0
MAT1261,ROH,Connector M8 ROH,KG,MAT1261,ROH,Connector M8 ROH,KG,1
MAT1052,HALB,Connector M8 HALB,PC,MAT1052,HALB,Connector M8 HALB,PC,1
MAT1211,FERT,Bolt 10mm FERT,KG,MAT1211,FERT,Bolt - Zinc 10mm FERT,KG,1
MAT1202,HALB,Cable M6 HALB,PC,MAT1202,HALB,Cable M6 HALB,PC,1
MAT1133,HALB,Screw M6 HALB,M,MAT1285,ROH,Bolt M8 ROH,KG,0
MAT1112,HALB,Screw M8 HALB,M,MAT1112,HALB,Screw M8 HALB,M,1
MAT1202,ROH,Cable M10 ROH,KG,MAT1012,VERP,Cable M6 VERP,PC,0
MAT1018,HALB,Screw 20mm HALB,KG,MAT1018,HALB,Screw 20mm HALB,KG,1
MAT1188,HALB,Bracket M8 HALB,PC,MAT1188,HALB,Bracket M8 HALB,PC,1
MAT1144,FERT,Cable M10 FERT,M,MAT1198,HALB,Screw 20mm HALB,KG,0
MAT1167,FERT,Bracket M6 FERT,M,MAT1167,FERT,Bracket M6 FERT,M,1
MAT1262,VERP,Screw M8 VERP,PC,MAT1262,VERP,Screw M8 VERP,PC,1
MAT1105,HALB,Cable M10 HALB,M,MAT1109,FERT,Washer 10mm FERT,PC,0
MAT1117,FERT,Screw 20mm FERT,PC,MAT1158,ROH,Screw M8 ROH,KG,0
MAT1198,FERT,Bracket 10mm FERT,M,MAT1198,FERT,Bracket 10mm FERT,M,1
MAT1146,HALB,Bolt 20mm HALB,PC,MAT1146_ALT,HALB,Bolt 20mm HALB,PC,1
MAT1005,FERT,Bolt M10 FERT,KG,MAT1195,HALB,Bolt M6 HALB,KG,0
MAT1097,VERP,Connector M10 VERP,PC,MAT1097,VERP,Connector M10 VERP,PC,1
MAT1017,ROH,Washer M8 ROH,KG,MAT1017,ROH,Washer M8 ROH,KG,1
MAT1015,VERP,Screw M6 VERP,PC,MAT1015,VERP,Screw M6 VERP,PC,1
MAT1296,FERT,Washer M6 FERT,M,MAT1296,FERT,Washer M6 FERT,M,1
MAT1078,HALB,Bolt 10mm HALB,M,MAT1193,ROH,Bolt 10mm ROH,KG,0
MAT1211,HALB,Bolt 20mm HALB,PC,MAT1032,FERT,Connector M10 FERT,M,0
MAT1136,ROH,Connector M10 ROH,PC,MAT1136,ROH,Connector M10 ROH,PC,1
MAT1022,VERP,Cable 10mm VERP,PC,MAT1024,FERT,Washer M6 FERT,M,0
MAT1241,HALB,Washer M10 HALB,M,MAT1241,HALB,Washer M10 HALB,M,1
MAT1177,VERP,Screw 20mm VERP,KG,MAT1177,VERP,Screw 20mm VERP,KG,1
MAT1075,VERP,Connector 20mm VERP,KG,MAT1184,VERP,Bolt 20mm VERP,KG,0
MAT1170,FERT,Connector 10mm FERT,KG,MAT1276,HALB,Bolt M10 HALB,M,0
MAT1074,FERT,Cable M8 FERT,M,MAT1071,HALB,Connector 10mm HALB,PC,0
MAT1057,ROH,Cable M6 ROH,M,MAT1002,FERT,Cable M8 FERT,M,0
MAT1171,VERP,Bolt M10 VERP,M,MAT1171_ALT,VERP,Hex Bolt M10 VERP,M,1
MAT1202,VERP,Screw 20mm VERP,KG,MAT1208,ROH,Screw 10mm ROH,PC,0
MAT1096,ROH,Cable M6 ROH,KG,MAT1073,ROH,Connector M10 ROH,PC,0
MAT1155,HALB,Cable M6 HALB,PC,MAT1012,ROH,Bolt M10 ROH,PC,0
MAT1036,ROH,Washer 10mm ROH,PC,MAT1036,ROH,Washer 10mm ROH,PC,1
MAT1005,FERT,Washer 10mm FERT,KG,MAT1106,FERT,Bracket 20mm FERT,M,0
MAT1021,VERP,Bolt 10mm VERP,KG,MAT1179,ROH,Washer 10mm ROH,KG,0
MAT1050,VERP,Connector 20mm VERP,M,MAT1179,VERP,Bolt 10mm VERP,PC,0
MAT1044,VERP,Washer 20mm VERP,PC,MAT1042,HALB,Connector M6 HALB,KG,0
MAT1172,HALB,Cable 10mm HALB,PC,MAT1172,HALB,Cable 10mm HALB,PC,1
MAT1231,HALB,Cable 10mm HALB,PC,MAT1005,HALB,Cable M6 HALB,M,0
MAT1257,HALB,Bracket M10 HALB,M,MAT1257,HALB,Bracket M10 HALB,M,1
MAT1024,FERT,Cable M6 FERT,M,MAT1264,VERP,Screw 10mm VERP,KG,0
MAT1020,FERT,Cable M10 FERT,KG,MAT1056,HALB,Bolt M8 HALB,KG,0
MAT1002,VERP,Connector M8 VERP,KG,MAT1002,VERP,Connector M8 VERP,KG,1
MAT1298,VERP,Screw 10mm VERP,M,MAT1298_ALT,VERP,Screw 10mm VERP,M,1
MAT1071,HALB,Connector 20mm HALB,M,MAT1071,HALB,Connector 20mm HALB,M,1
MAT1220,ROH,Connector 20mm ROH,M,MAT1220,ROH,Connector 20mm ROH,M,1
MAT1242,ROH,Washer 10mm ROH,M,MAT1242,ROH,Washer 10mm ROH,M,1
MAT1134,FERT,Bracket 10mm FERT,M,MAT1134_ALT,FERT,Bracket 10mm FERT,M,1
MAT1082,ROH,Cable M8 ROH,M,MAT1082,ROH,Cable M8 ROH,M,1
MAT1191,FERT,Bracket M6 FERT,M,MAT1094,VERP,Bolt 20mm VERP,PC,0
MAT1075,FERT,Screw 10mm FERT,PC,MAT1075,FERT,Screw 10mm FERT,PC,1
MAT1057,FERT,Cable 20mm FERT,PC,MAT1155,HALB,Washer M8 HALB,KG,0
MAT1096,VERP,Bracket 10mm VERP,PC,MAT1050,HALB,Bracket 20mm HALB,M,0
MAT1036,HALB,Connector M8 HALB,M,MAT1074,ROH,Bracket 20mm ROH,PC,0
MAT1126,VERP,Connector M10 VERP,PC,MAT1134,VERP,Bolt 10mm VERP,PC,0
MAT1202,ROH,Screw M10 ROH,KG,MAT1230,HALB,Connector M8 HALB,KG,0
MAT1260,VERP,Connector M8 VERP,PC,MAT1266,FERT,Bracket M6 FERT,KG,0
MAT1213,ROH,Cable M6 ROH,M,MAT1074,ROH,Washer M10 ROH,KG,0
MAT1174,FERT,Cable 20mm FERT,KG,MAT1174_ALT,FERT,Cable 20mm FERT,KG,1
MAT1197,HALB,Bracket M10 HALB,PC,MAT1250,FERT,Cable 20mm FERT,M,0
MAT1128,FERT,Washer M10 FERT,M,MAT1262,HALB,Washer M10 HALB,PC,0
MAT1178,FERT,Screw M10 FERT,M,MAT1210,FERT,Washer 20mm FERT,KG,0
MAT1096,HALB,Connector M10 HALB,PC,MAT1185,FERT,Screw 10mm FERT,M,0
MAT1060,FERT,Connector M8 FERT,PC,MAT1172,HALB,Connector 10mm HALB,KG,0
MAT1247,FERT,Cable 10mm FERT,M,MAT1247,FERT,Cable 10mm FERT,M,1
MAT1129,ROH,Bracket 20mm ROH,KG,MAT1001,ROH,Screw M10 ROH,KG,0
MAT1281,FERT,Cable 20mm FERT,KG,MAT1281,FERT,Cable 20mm FERT,KG,1
MAT1250,ROH,Bracket 10mm ROH,KG,MAT1160,ROH,Screw M8 ROH,PC,0
MAT1027,ROH,Bolt M10 ROH,PC,MAT1027,ROH,Hex Bolt M10 ROH,PC,1
MAT1049,VERP,Screw M6 VERP,M,MAT1049,VERP,Screw M6 VERP,M,1
MAT1141,FERT,Bracket M8 FERT,PC,MAT1141,FERT,Bracket M8 FERT,PC,1
MAT1136,FERT,Screw M8 FERT,PC,MAT1283,FERT,Screw M8 FERT,KG,0
MAT1008,HALB,Bolt 20mm HALB,M,MAT1008,HALB,Hex Bolt 20mm HALB,M,1
MAT1063,ROH,Screw 10mm ROH,PC,MAT1123,VERP,Cable M8 VERP,PC,0
MAT1143,ROH,Bolt M8 ROH,M,MAT1157,VERP,Cable 20mm VERP,KG,0
MAT1118,ROH,Bolt 10mm ROH,M,MAT1118,ROH,Bolt 10mm ROH,M,1
MAT1196,VERP,Bolt 20mm VERP,KG,MAT1105,VERP,Bracket 20mm VERP,KG,0
MAT1255,VERP,Bracket 20mm VERP,PC,MAT1255,VERP,Bracket 20mm VERP,PC,1
MAT1193,HALB,Bracket M8 HALB,PC,MAT1193,HALB,Bracket M8 HALB,PC,1
MAT1148,HALB,Bracket 20mm HALB,KG,MAT1148_ALT,HALB,Bracket 20mm HALB,KG,1
MAT1124,ROH,Bracket M6 ROH,KG,MAT1292,FERT,Washer 10mm FERT,PC,0
MAT1228,VERP,Bolt 10mm VERP,KG,MAT1228,VERP,Hex Bolt 10mm VERP,KG,1
MAT1133,VERP,Screw M8 VERP,PC,MAT1133_ALT,VERP,Screw M8 VERP,PC,1
MAT1271,HALB,Bolt 10mm HALB,KG,MAT1024,HALB,Bolt M8 HALB,PC,0
MAT1283,ROH,Washer M6 ROH,M,MAT1130,VERP,Screw M10 VERP,PC,0
MAT1142,HALB,Screw 10mm HALB,KG,MAT1085,ROH,Screw M6 ROH,M,0
MAT1090,FERT,Cable 10mm FERT,KG,MAT1090_ALT,FERT,Cable 10mm FERT,KG,1
MAT1100,ROH,Bolt M6 ROH,KG,MAT1100_ALT,ROH,Bolt M6 ROH,KG,1
MAT1236,FERT,Connector M8 FERT,PC,MAT1273,HALB,Screw M6 HALB,KG,0
MAT1139,ROH,Cable 20mm ROH,PC,MAT1201,HALB,Screw M6 HALB,KG,0
MAT1067,HALB,Cable M10 HALB,M,MAT1067,HALB,Cable M10 HALB,M,1
MAT1089,ROH,Connector M8 ROH,PC,MAT1089,ROH,Connector M8 ROH,PC,1
MAT1193,HALB,Bolt M10 HALB,KG,MAT1193,HALB,Hex Bolt M10 HALB,KG,1
MAT1202,VERP,Cable 10mm VERP,M,MAT1266,FERT,Cable 20mm FERT,M,0
MAT1207,FERT,Cable 10mm FERT,PC,MAT1257,VERP,Screw M6 VERP,PC,0
MAT1188,FERT,Bolt 20mm FERT,KG,MAT1188,FERT,Hex Bolt 20mm FERT,KG,1
MAT1161,VERP,Screw M6 VERP,PC,MAT1161,VERP,Screw M6 VERP,PC,1
MAT1230,HALB,Connector M10 HALB,KG,MAT1125,HALB,Bolt M8 HALB,KG,0
MAT1204,VERP,Connector 10mm VERP,KG,MAT1204_ALT,VERP,Connector 10mm VERP,KG,1
MAT1026,HALB,Screw M6 HALB,KG,MAT1026,HALB,Screw M6 HALB,KG,1
MAT1197,VERP,Bolt 20mm VERP,KG,MAT1197,VERP,Bolt - Zinc 20mm VERP,KG,1
MAT1020,VERP,Bolt M10 VERP,KG,MAT1099,FERT,Cable M8 FERT,PC,0
MAT1074,FERT,Bolt M6 FERT,M,MAT1111,FERT,Bolt 10mm FERT,KG,0
MAT1235,FERT,Cable M10 FERT,KG,MAT1235,FERT,Cable M10 FERT,KG,1
MAT1224,VERP,Bracket 20mm VERP,PC,MAT1280,ROH,Screw 10mm ROH,KG,0
MAT1225,FERT,Screw M8 FERT,PC,MAT1047,VERP,Washer 10mm VERP,PC,0
MAT1155,ROH,Screw M8 ROH,KG,MAT1155,ROH,Screw M8 ROH,KG,1
MAT1077,VERP,Cable 20mm VERP,KG,MAT1107,ROH,Bolt M8 ROH,PC,0
MAT1247,ROH,Screw 10mm ROH,PC,MAT1247_ALT,ROH,Screw 10mm ROH,PC,1
MAT1235,FERT,Cable M10 FERT,KG,MAT1235_ALT,FERT,Cable M10 FERT,KG,1
MAT1280,FERT,Connector M10 FERT,M,MAT1079,FERT,Cable M8 FERT,PC,0
MAT1222,VERP,Washer M10 VERP,M,MAT1153,VERP,Connector 10mm VERP,PC,0
MAT1153,FERT,Bolt M8 FERT,M,MAT1114,HALB,Screw 10mm HALB,PC,0
MAT1277,FERT,Bracket 10mm FERT,KG,MAT1290,FERT,Washer M6 FERT,PC,0
MAT1246,ROH,Washer M6 ROH,KG,MAT1246,ROH,Washer M6 ROH,KG,1
MAT1242,ROH,Washer M10 ROH,PC,MAT1242,ROH,Washer M10 ROH,PC,1
MAT1251,VERP,Cable M8 VERP,KG,MAT1220,HALB,Washer M8 HALB,M,0
MAT1172,HALB,Cable M10 HALB,M,MAT1192,ROH,Bolt M6 ROH,PC,0
MAT1004,HALB,Cable 10mm HALB,KG,MAT1047,HALB,Bolt M6 HALB,KG,0
MAT1068,FERT,Washer M10 FERT,M,MAT1068,FERT,Washer M10 FERT,M,1
MAT1158,FERT,Bolt M6 FERT,M,MAT1158,FERT,Bolt M6 FERT,M,1
MAT1098,HALB,Bracket 10mm HALB,PC,MAT1136,FERT,Cable 20mm FERT,PC,0
MAT1145,HALB,Bolt 10mm HALB,M,MAT1133,HALB,Connector 20mm HALB,PC,0
MAT1114,FERT,Bolt 10mm FERT,KG,MAT1114,FERT,Bolt - Zinc 10mm FERT,KG,1
MAT1231,FERT,Cable M10 FERT,KG,MAT1231,FERT,Cable M10 FERT,KG,1
MAT1120,FERT,Connector M10 FERT,PC,MAT1120,FERT,Connector M10 FERT,PC,1
MAT1018,ROH,Bolt 20mm ROH,PC,MAT1075,ROH,Bracket M8 ROH,PC,0
MAT1144,FERT,Connector M10 FERT,M,MAT1122,VERP,Bracket 10mm VERP,PC,0
MAT1282,FERT,Connector M8 FERT,KG,MAT1017,FERT,Screw 10mm FERT,PC,0
MAT1025,ROH,Washer 10mm ROH,PC,MAT1025_ALT,ROH,Washer 10mm ROH,PC,1
MAT1203,FERT,Bracket M8 FERT,KG,MAT1216,FERT,Cable M8 FERT,PC,0
MAT1084,FERT,Bracket M6 FERT,KG,MAT1171,HALB,Bolt M8 HALB,PC,0
MAT1253,FERT,Screw M8 FERT,KG,MAT1019,ROH,Connector M10 ROH,M,0
MAT1190,FERT,Bolt M6 FERT,KG,MAT1190,FERT,Bolt - Zinc M6 FERT,KG,1
MAT1075,FERT,Connector 20mm FERT,KG,MAT1075,FERT,Connector 20mm FERT,KG,1
MAT1100,VERP,Connector M6 VERP,KG,MAT1280,FERT,Cable 10mm FERT,PC,0
MAT1009,VERP,Cable M6 VERP,KG,MAT1009_ALT,VERP,Cable M6 VERP,KG,1
MAT1292,HALB,Washer 20mm HALB,PC,MAT1230,FERT,Washer M6 FERT,PC,0
MAT1296,FERT,Bracket M10 FERT,PC,MAT1271,HALB,Bolt M8 HALB,KG,0
MAT1001,VERP,Bolt M6 VERP,KG,MAT1001,VERP,Bolt - Zinc M6 VERP,KG,1
MAT1008,FERT,Cable M6 FERT,KG,MAT1297,HALB,Cable 20mm HALB,KG,0
MAT1120,VERP,Cable M10 VERP,PC,MAT1279,HALB,Bolt 10mm HALB,PC,0
MAT1125,VERP,Bolt M6 VERP,PC,MAT1125_ALT,VERP,Bolt - Zinc M6 VERP,PC,1
MAT1149,FERT,Bracket M8 FERT,KG,MAT1149,FERT,Bracket M8 FERT,KG,1
MAT1147,FERT,Cable 20mm FERT,M,MAT1147,FERT,Cable 20mm FERT,M,1
MAT1001,HALB,Bolt M10 HALB,PC,MAT1058,VERP,Washer M6 VERP,M,0
MAT1273,VERP,Cable M6 VERP,KG,MAT1142,ROH,Washer M6 ROH,KG,0
MAT1096,FERT,Connector M6 FERT,M,MAT1096_ALT,FERT,Connector M6 FERT,M,1
MAT1083,HALB,Washer M8 HALB,M,MAT1273,HALB,Bracket M10 HALB,PC,0
MAT1199,VERP,Bolt 20mm VERP,KG,MAT1199,VERP,Bolt 20mm VERP,KG,1
MAT1247,ROH,Connector M8 ROH,M,MAT1253,VERP,Bracket M10 VERP,M,0
MAT1021,ROH,Bracket M8 ROH,PC,MAT1021,ROH,Bracket M8 ROH,PC,1
MAT1190,FERT,Bracket M6 FERT,KG,MAT1237,ROH,Screw M6 ROH,M,0
MAT1059,HALB,Bracket 10mm HALB,M,MAT1282,FERT,Bolt 20mm FERT,PC,0
MAT1162,HALB,Washer 20mm HALB,KG,MAT1150,ROH,Bolt M6 ROH,KG,0
MAT1070,FERT,Bracket M8 FERT,KG,MAT1174,VERP,Bolt 20mm VERP,KG,0
MAT1157,FERT,Bracket M6 FERT,PC,MAT1157_ALT,FERT,Bracket M6 FERT,PC,1
MAT1047,HALB,Cable 20mm HALB,M,MAT1047_ALT,HALB,Cable 20mm HALB,M,1
MAT1135,FERT,Washer M6 FERT,PC,MAT1135,FERT,Washer M6 FERT,PC,1
MAT1118,ROH,Washer M10 ROH,M,MAT1277,ROH,Connector 20mm ROH,M,0
MAT1279,FERT,Cable M10 FERT,PC,MAT1206,ROH,Washer 10mm ROH,PC,0
MAT1137,ROH,Screw M6 ROH,PC,MAT1002,ROH,Bracket M6 ROH,KG,0
MAT1207,ROH,Washer M8 ROH,M,MAT1287,HALB,Bolt M10 HALB,PC,0
MAT1291,ROH,Connector M6 ROH,KG,MAT1291,ROH,Connector M6 ROH,KG,1
MAT1260,HALB,Bracket M6 HALB,M,MAT1260,HALB,Bracket M6 HALB,M,1
MAT1096,VERP,Cable M8 VERP,PC,MAT1220,HALB,Cable 10mm HALB,PC,0
MAT1149,FERT,Screw 10mm FERT,M,MAT1210,FERT,Washer M8 FERT,M,0
MAT1063,VERP,Washer 20mm VERP,KG,MAT1000,ROH,Bracket 20mm ROH,PC,0
MAT1065,HALB,Connector 20mm HALB,PC,MAT1127,HALB,Connector M6 HALB,PC,0
MAT1023,ROH,Connector 10mm ROH,PC,MAT1111,FERT,Bolt 20mm FERT,PC,0
MAT1056,ROH,Bracket M6 ROH,KG,MAT1105,VERP,Screw M8 VERP,M,0
MAT1063,FERT,Washer 10mm FERT,KG,MAT1265,FERT,Bracket M8 FERT,M,0
MAT1199,FERT,Screw M8 FERT,KG,MAT1199,FERT,Screw M8 FERT,KG,1
MAT1129,ROH,Bracket 10mm ROH,PC,MAT1129,ROH,Bracket 10mm ROH,PC,1
MAT1268,FERT,Screw 10mm FERT,PC,MAT1147,HALB,Washer M10 HALB,PC,0
MAT1007,VERP,Cable M6 VERP,M,MAT1007,VERP,Cable M6 VERP,M,1
MAT1230,HALB,Connector M10 HALB,KG,MAT1199,FERT,Screw 10mm FERT,PC,0
MAT1068,ROH,Screw 10mm ROH,KG,MAT1068,ROH,Screw 10mm ROH,KG,1
MAT1074,ROH,Washer M10 ROH,M,MAT1130,ROH,Washer 20mm ROH,KG,0
MAT1010,ROH,Cable M6 ROH,PC,MAT1144,FERT,Screw 20mm FERT,M,0
MAT1271,HALB,Connector 10mm HALB,M,MAT1001,HALB,Bolt M10 HALB,M,0
MAT1214,FERT,Bolt 10mm FERT,PC,MAT1095,ROH,Connector M10 ROH,M,0
MAT1128,FERT,Cable M8 FERT,M,MAT1205,FERT,Bolt 10mm FERT,KG,0
MAT1125,FERT,Bolt M10 FERT,KG,MAT1241,HALB,Cable M10 HALB,KG,0
MAT1287,ROH,Connector M6 ROH,PC,MAT1287,ROH,Connector M6 ROH,PC,1
MAT1022,HALB,Bracket 10mm HALB,M,MAT1022_ALT,HALB,Bracket 10mm HALB,M,1
MAT1280,VERP,Connector M8 VERP,PC,MAT1280,VERP,Connector M8 VERP,PC,1
MAT1018,FERT,Bolt 20mm FERT,KG,MAT1018,FERT,Hex Bolt 20mm FERT,KG,1
MAT1230,HALB,Bolt M10 HALB,PC,MAT1060,ROH,Washer 20mm ROH,M,0
MAT1123,ROH,Bracket M10 ROH,M,MAT1085,ROH,Bracket M8 ROH,KG,0
MAT1051,ROH,Cable 20mm ROH,PC,MAT1294,FERT,Bolt 10mm FERT,M,0
MAT1182,VERP,Cable M8 VERP,PC,MAT1182,VERP,Cable M8 VERP,PC,1
MAT1140,HALB,Screw M8 HALB,PC,MAT1023,HALB,Screw M8 HALB,PC,0
MAT1235,ROH,Connector 10mm ROH,PC,MAT1235,ROH,Connector 10mm ROH,PC,1
MAT1104,FERT,Connector M10 FERT,M,MAT1104,FERT,Connector M10 FERT,M,1
MAT1081,VERP,Bracket M6 VERP,PC,MAT1081,VERP,Bracket M6 VERP,PC,1
MAT1215,ROH,Bolt M8 ROH,PC,MAT1215,ROH,Hex Bolt M8 ROH,PC,1
MAT1117,HALB,Washer 20mm HALB,M,MAT1117,HALB,Washer 20mm HALB,M,1
MAT1299,FERT,Bracket M8 FERT,M,MAT1272,HALB,Bracket 10mm HALB,PC,0
MAT1227,FERT,Washer M10 FERT,M,MAT1109,ROH,Screw 10mm ROH,KG,0
MAT1274,VERP,Bolt 20mm VERP,PC,MAT1274,VERP,Bolt 20mm VERP,PC,1
MAT1117,ROH,Cable 10mm ROH,KG,MAT1297,HALB,Bolt 20mm HALB,PC,0
MAT1118,HALB,Screw M6 HALB,M,MAT1278,ROH,Screw 20mm ROH,M,0
MAT1268,ROH,Washer M10 ROH,KG,MAT1268,ROH,Washer M10 ROH,KG,1
MAT1251,HALB,Screw M8 HALB,M,MAT1251,HALB,Screw M8 HALB,M,1
MAT1226,ROH,Bracket 20mm ROH,PC,MAT1226,ROH,Bracket 20mm ROH,PC,1
MAT1141,FERT,Bolt M6 FERT,PC,MAT1141,FERT,Bolt - Zinc M6 FERT,PC,1
MAT1015,ROH,Washer M8 ROH,M,MAT1299,ROH,Bolt M8 ROH,KG,0
MAT1050,VERP,Cable M10 VERP,PC,MAT1013,HALB,Washer M10 HALB,KG,0
MAT1258,FERT,Washer M10 FERT,PC,MAT1043,HALB,Cable 20mm HALB,M,0
MAT1251,ROH,Screw M8 ROH,KG,MAT1251,ROH,Screw M8 ROH,KG,1
MAT1240,ROH,Cable 10mm ROH,KG,MAT1240,ROH,Cable 10mm ROH,KG,1
MAT1133,HALB,Bracket M10 HALB,M,MAT1133,HALB,Bracket M10 HALB,M,1
MAT1140,HALB,Bracket 10mm HALB,M,MAT1062,HALB,Bracket M8 HALB,KG,0
MAT1164,FERT,Connector M6 FERT,KG,MAT1158,HALB,Cable 10mm HALB,M,0
MAT1020,VERP,Bolt 10mm VERP,PC,MAT1020,VERP,Bolt - Zinc 10mm VERP,PC,1
MAT1285,VERP,Cable M10 VERP,PC,MAT1269,HALB,Screw M6 HALB,PC,0
MAT1024,ROH,Bracket M10 ROH,M,MAT1024,ROH,Bracket M10 ROH,M,1
MAT1002,FERT,Connector M10 FERT,M,MAT1090,VERP,Bracket M8 VERP,M,0
MAT1096,ROH,Bracket M10 ROH,PC,MAT1096,ROH,Bracket M10 ROH,PC,1
MAT1204,FERT,Connector M8 FERT,M,MAT1204,FERT,Connector M8 FERT,M,1
MAT1157,VERP,Washer M8 VERP,PC,MAT1124,VERP,Connector M8 VERP,KG,0
MAT1270,VERP,Screw M6 VERP,KG,MAT1128,ROH,Bracket M6 ROH,KG,0
MAT1199,HALB,Washer M10 HALB,KG,MAT1199_ALT,HALB,Washer M10 HALB,KG,1
MAT1117,FERT,Washer 20mm FERT,M,MAT1117,FERT,Washer 20mm FERT,M,1
MAT1011,ROH,Bracket 10mm ROH,KG,MAT1210,FERT,Washer 20mm FERT,M,0
MAT1271,ROH,Screw M6 ROH,KG,MAT1123,HALB,Washer M10 HALB,M,0
MAT1238,ROH,Connector M10 ROH,PC,MAT1148,ROH,Washer M8 ROH,PC,0
MAT1106,FERT,Screw 20mm FERT,KG,MAT1161,ROH,Bracket M8 ROH,PC,0
MAT1046,ROH,Connector 20mm ROH,KG,MAT1269,VERP,Connector M6 VERP,M,0
MAT1101,HALB,Cable M6 HALB,M,MAT1101,HALB,Cable M6 HALB,M,1
MAT1207,FERT,Screw M6 FERT,KG,MAT1207_ALT,FERT,Screw M6 FERT,KG,1
MAT1042,VERP,Washer 10mm VERP,PC,MAT1042,VERP,Washer 10mm VERP,PC,1
MAT1282,ROH,Bolt M8 ROH,PC,MAT1013,ROH,Cable M6 ROH,KG,0
MAT1057,HALB,Cable 20mm HALB,PC,MAT1125,VERP,Washer 10mm VERP,M,0
MAT1135,FERT,Cable M6 FERT,M,MAT1212,ROH,Cable M8 ROH,KG,0
MAT1177,HALB,Bolt M6 HALB,KG,MAT1177,HALB,Bolt M6 HALB,KG,1
MAT1294,FERT,Bolt 20mm FERT,KG,MAT1115,HALB,Bracket 20mm HALB,KG,0
MAT1013,HALB,Bracket M8 HALB,PC,MAT1013_ALT,HALB,Bracket M8 HALB,PC,1
MAT1258,HALB,Bolt M8 HALB,KG,MAT1140,FERT,Washer 10mm FERT,PC,0
MAT1018,FERT,Screw 20mm FERT,M,MAT1018,FERT,Screw 20mm FERT,M,1
MAT1187,ROH,Washer M8 ROH,KG,MAT1187_ALT,ROH,Washer M8 ROH,KG,1
MAT1023,ROH,Bolt M8 ROH,KG,MAT1023,ROH,Bolt M8 ROH,KG,1
MAT1098,ROH,Cable M8 ROH,KG,MAT1199,VERP,Cable M6 VERP,PC,0
MAT1233,ROH,Washer M8 ROH,PC,MAT1233_ALT,ROH,Washer M8 ROH,PC,1
MAT1174,FERT,Bolt 10mm FERT,M,MAT1174,FERT,Hex Bolt 10mm FERT,M,1
MAT1248,VERP,Bracket 20mm VERP,M,MAT1073,HALB,Cable M10 HALB,KG,0
MAT1020,ROH,Screw M10 ROH,M,MAT1002,VERP,Screw M10 VERP,KG,0
MAT1281,HALB,Bracket M6 HALB,PC,MAT1281,HALB,Bracket M6 HALB,PC,1
MAT1063,ROH,Bolt M10 ROH,KG,MAT1009,ROH,Cable M10 ROH,M,0
MAT1033,FERT,Washer 20mm FERT,PC,MAT1008,VERP,Washer 20mm VERP,PC,0
MAT1293,VERP,Cable 20mm VERP,KG,MAT1293_ALT,VERP,Cable 20mm VERP,KG,1
MAT1282,VERP,Bolt 20mm VERP,KG,MAT1282,VERP,Hex Bolt 20mm VERP,KG,1
MAT1291,HALB,Screw M10 HALB,M,MAT1052,FERT,Bolt 20mm FERT,KG,0
MAT1099,HALB,Screw M6 HALB,PC,MAT1114,FERT,Screw 10mm FERT,KG,0
MAT1028,VERP,Cable M6 VERP,M,MAT1242,HALB,Bracket M6 HALB,KG,0
MAT1015,VERP,Screw M8 VERP,KG,MAT1287,HALB,Cable 20mm HALB,PC,0
MAT1185,HALB,Cable M8 HALB,M,MAT1185_ALT,HALB,Cable M8 HALB,M,1
MAT1145,ROH,Washer 10mm ROH,M,MAT1060,HALB,Connector 20mm HALB,M,0
MAT1015,HALB,Bracket 20mm HALB,KG,MAT1015,HALB,Bracket 20mm HALB,KG,1
MAT1136,ROH,Cable 10mm ROH,M,MAT1136,ROH,Cable 10mm ROH,M,1
MAT1110,ROH,Cable 10mm ROH,KG,MAT1050,HALB,Screw 20mm HALB,KG,0
MAT1061,FERT,Screw M10 FERT,KG,MAT1277,HALB,Screw 20mm HALB,KG,0
MAT1139,ROH,Bolt M8 ROH,KG,MAT1114,ROH,Bolt 20mm ROH,KG,0
MAT1199,ROH,Bolt M6 ROH,KG,MAT1257,HALB,Bolt M6 HALB,M,0
MAT1171,ROH,Bolt M6 ROH,KG,MAT1171,ROH,Bolt - Zinc M6 ROH,KG,1
MAT1041,FERT,Connector 20mm FERT,PC,MAT1164,ROH,Bracket 10mm ROH,PC,0
MAT1267,HALB,Cable 10mm HALB,M,MAT1210,HALB,Bolt M10 HALB,PC,0
MAT1138,ROH,Bracket 10mm ROH,KG,MAT1144,VERP,Screw M6 VERP,M,0
MAT1071,VERP,Bracket M8 VERP,M,MAT1070,FERT,Bolt 20mm FERT,PC,0
MAT1251,VERP,Bracket M6 VERP,PC,MAT1289,ROH,Washer M6 ROH,KG,0
MAT1273,FERT,Bolt M8 FERT,PC,MAT1103,VERP,Screw M6 VERP,PC,0
MAT1160,FERT,Connector M8 FERT,PC,MAT1176,VERP,Bolt 10mm VERP,M,0
MAT1237,ROH,Screw M8 ROH,M,MAT1052,ROH,Cable M8 ROH,PC,0
MAT1112,VERP,Screw 20mm VERP,M,MAT1112,VERP,Screw 20mm VERP,M,1
MAT1293,FERT,Bracket M6 FERT,PC,MAT1293,FERT,Bracket M6 FERT,PC,1
MAT1279,FERT,Washer M10 FERT,M,MAT1025,HALB,Cable M10 HALB,PC,0
MAT1202,FERT,Cable M6 FERT,PC,MAT1202,FERT,Cable M6 FERT,PC,1
MAT1121,VERP,Screw M10 VERP,PC,MAT1203,VERP,Cable M6 VERP,PC,0
MAT1255,HALB,Screw M6 HALB,PC,MAT1082,ROH,Bracket 20mm ROH,M,0
MAT1052,HALB,Washer 20mm HALB,KG,MAT1087,FERT,Connector 10mm FERT,M,0
MAT1224,HALB,Bracket M8 HALB,M,MAT1124,ROH,Cable M8 ROH,M,0
MAT1163,VERP,Bolt M10 VERP,PC,MAT1293,VERP,Connector M6 VERP,KG,0
MAT1278,VERP,Bracket M6 VERP,KG,MAT1244,ROH,Bracket 10mm ROH,PC,0
MAT1265,HALB,Bolt M10 HALB,PC,MAT1192,HALB,Bolt M8 HALB,PC,0
MAT1178,FERT,Connector M8 FERT,PC,MAT1178_ALT,FERT,Connector M8 FERT,PC,1
MAT1187,ROH,Washer 20mm ROH,KG,MAT1053,FERT,Bracket 20mm FERT,PC,0
MAT1267,HALB,Bolt 20mm HALB,PC,MAT1167,VERP,Bracket 20mm VERP,PC,0
MAT1273,FERT,Screw 10mm FERT,M,MAT1277,FERT,Cable M6 FERT,PC,0
MAT1019,FERT,Bolt 20mm FERT,M,MAT1019,FERT,Bolt - Zinc 20mm FERT,M,1
MAT1221,FERT,Cable M10 FERT,M,MAT1066,FERT,Cable M10 FERT,M,0
MAT1283,ROH,Connector M6 ROH,KG,MAT1177,VERP,Connector 20mm VERP,M,0
MAT1018,VERP,Bolt M10 VERP,PC,MAT1018,VERP,Bolt - Zinc M10 VERP,PC,1
MAT1199,VERP,Screw 20mm VERP,M,MAT1199,VERP,Screw 20mm VERP,M,1
MAT1194,ROH,Cable M6 ROH,M,MAT1194,ROH,Cable M6 ROH,M,1
MAT1272,VERP,Bracket 20mm VERP,PC,MAT1272_ALT,VERP,Bracket 20mm VERP,PC,1
MAT1258,VERP,Connector M8 VERP,PC,MAT1163,HALB,Bracket M6 HALB,M,0
MAT1268,ROH,Bracket M8 ROH,M,MAT1121,FERT,Bolt M10 FERT,PC,0
