pernr,street,city,raw_country,country_iso_code
00000001,216 Livingston Underpass Suite 158,North Misty,République française,FR
00000002,199 Christine Viaduct,Steeleton,Spain,ES
00000003,67133 Sanders Mill,Vasquezmouth,Japan,JP
00000004,550 Harrison Fields Suite 663,New Monicaton,日本,JP
00000005,42831 Vickie Road Apt. 079,North Amanda,FR,FR
00000006,589 Adkins Stream,Phillipsburgh,Japan,JP
00000007,88006 Barrera Point,North Traci,France,FR
00000008,20191 Corey Loaf Suite 919,South Hollyton,Japan,JP
00000009,250 Michelle Harbors,Lake Ronaldmouth,Germany,DE
00000010,0698 Janet Lock,South Nicholasburgh,République française,FR
00000011,6216 Kristen Street Apt. 653,Harrisbury,République française,FR
00000012,04298 Johnson Causeway Apt. 439,North Joannaland,United States,US
00000013,690 Melissa Passage,South Barryside,日本,JP
00000014,963 Stanley Ridges,Michaelport,JP,JP
00000015,672 Lisa Mountains Suite 725,Manningfort,France,FR
00000016,4812 Cline Parkway Suite 577,West Jacob,Germany,DE
00000017,69427 Martha Ridge Suite 478,North Derrickbury,Germany,DE
00000018,2880 Barry Rest,Vincentborough,UK,GB
00000019,4624 Jones Shores Apt. 119,New David,DE,DE
00000020,6453 Bennett Drives Apt. 286,Andreaton,日本,JP
00000021,840 Dawn Field Suite 847,New Chrisport,United States,US
00000022,003 Nichols Extension Suite 773,Donnaside,République française,FR
00000023,8486 Sanders Parkways Suite 081,Murrayberg,Spain,ES
00000024,43272 Ritter Plains,New Paige,U.S.A.,US
00000025,6410 Stephen Drives,Victorton,Spain,ES
00000026,0750 Ray Trafficway Suite 115,Colemouth,U.S.A.,US
00000027,53766 Matthew Mountains,Benjaminborough,Deutschland,DE
00000028,4118 Jones Hills,North Anthonyland,Japan,JP
00000029,508 Gallagher Lakes Suite 525,Brownville,Spain,ES
00000030,2046 Matthew Mills,Lake Nicholaston,U.S.A.,US
00000031,48819 Williams Ferry Apt. 334,Amychester,JP,JP
00000032,8120 Joshua Key,East John,ES,ES
00000033,7262 Davis Hills Apt. 521,Port Johnburgh,France,FR
00000034,4468 Zuniga Parkways Apt. 858,Beckytown,USA,US
00000035,22287 Jack Manor,Charlesview,FR,FR
00000036,321 Bailey Cliffs,West Jessicaport,Germany,DE
00000037,781 Kyle Knolls,Scottborough,France,FR
00000038,5868 Cox Port Suite 690,Smithfort,FR,FR
00000039,912 Walker Turnpike Apt. 488,Lake Josephfurt,United Kingdom,GB
00000040,4823 Michael Coves Apt. 856,West Gerald,US,US
00000041,28051 Tiffany Brook,West Jenniferburgh,Deutschland,DE
00000042,439 Aaron Lakes,South Paigeview,République française,FR
00000043,001 Taylor Estates Apt. 919,Lake Valerietown,JP,JP
00000044,5336 Tate Prairie,Melissastad,Spain,ES
00000045,341 Hinton Loop,Randallland,République française,FR
00000046,784 Hansen Mountain Suite 578,Wattstown,Fed. Rep. of Germany,DE
00000047,369 David Wall,Comptonville,République française,FR
00000048,7980 Joseph Mission Suite 153,South Alexisshire,Spain,ES
00000049,821 Amanda Trail Suite 433,Ruizmouth,Fed. Rep. of Germany,DE
00000050,29452 Walker Lane,Willieport,United States,US
00000051,945 Chase Mountains Suite 428,Merrittmouth,Deutschland,DE
00000052,583 Wilson Stream Apt. 705,North Ericaport,US,US
00000053,393 Lisa Land,Port Kimberly,DE,DE
00000054,17524 Wolfe Lodge Suite 731,Robertsfurt,España,ES
00000055,71739 Courtney Knoll Suite 621,Freemanmouth,Spain,ES
00000056,3292 Christensen Groves Suite 075,New Rodneyview,Germany,DE
00000057,40825 Roberson Station Suite 993,Smithmouth,République française,FR
00000058,6930 Garcia Groves,Brianborough,Spain,ES
00000059,09448 Daugherty Overpass Apt. 647,Tylerberg,US,US
00000060,88928 Robinson Burg,East Crystal,United States,US
00000061,992 James Run Suite 426,Wrightburgh,Japan,JP
00000062,72300 Jenkins Estate,East Tiffany,United Kingdom,GB
00000063,4906 Mark Cape,Hardyton,Great Britain,GB
00000064,432 Mayer Walks Apt. 718,Jennifertown,GB,GB
00000065,213 Kathryn Inlet Apt. 894,Cookbury,U.S.A.,US
00000066,567 Phillip Park Apt. 458,East Toddborough,日本,JP
00000067,9210 David Manor Apt. 103,Tiffanyland,GB,GB
00000068,1847 Timothy Shores,South Haleyfort,UK,GB
00000069,7480 Oneal Tunnel,Howardview,Deutschland,DE
00000070,5651 Alexander Streets,East Jack,Deutschland,DE
00000071,37760 Alyssa Port Apt. 832,Braybury,DE,DE
00000072,435 Margaret Stream,Lake Aaron,République française,FR
00000073,912 Christian Drive,North Brandi,GB,GB
00000074,568 Maria Summit Apt. 545,Lake Brady,République française,FR
00000075,79297 Rachel Light Suite 968,North Victoria,日本,JP
00000076,229 Cynthia Lodge Suite 379,Martinhaven,United States,US
00000077,756 Alvarez Road,Bradleyborough,UK,GB
00000078,13064 Cory Squares,Paulstad,USA,US
00000079,333 Marks Hollow,Lake Robertville,DE,DE
00000080,1150 Walsh Coves Suite 139,North Karen,Great Britain,GB
00000081,27689 Andrew Port,West Deborahside,ES,ES
00000082,27339 Felicia Loaf,West David,FR,FR
00000083,87249 James Passage,East Danamouth,République française,FR
00000084,36977 Nichols Shoals Apt. 463,New Lisastad,UK,GB
00000085,802 Lee Valley,East Joseberg,Deutschland,DE
00000086,8764 Burns Fall Apt. 090,West Juanfort,France,FR
00000087,5105 Snyder Estate,West Anthony,DE,DE
00000088,22561 Williamson Club Suite 729,Lake Morgantown,Japan,JP
00000089,2102 Johnson Track,East Erik,US,US
00000090,5869 Amber Mount Apt. 145,New Anne,ES,ES
00000091,8837 Martinez Wells,North Stevenport,US,US
00000092,2601 William Course Apt. 323,Patriciatown,United States,US
00000093,453 Ponce Park,Lake Aaronberg,Japan,JP
00000094,5145 Smith Ridge,Eugeneberg,République française,FR
00000095,4622 Sandra Neck Apt. 360,East Alicia,España,ES
00000096,7858 Dalton Light Apt. 134,Colonchester,FR,FR
00000097,649 Alex Vista,Lake Brendahaven,UK,GB
00000098,674 Smith Haven,East Josephtown,U.S.A.,US
00000099,91034 Ward Plaza Suite 166,Markton,Great Britain,GB
00000100,535 Regina Stream Suite 645,Lake Regina,Fed. Rep. of Germany,DE
00000101,627 Perez Avenue Apt. 102,Jacobberg,USA,US
00000102,232 Evan Field,East Jenniferside,FR,FR
00000103,05149 Butler Trafficway Apt. 511,West Robert,USA,US
00000104,5073 Mills Vista,Snyderstad,DE,DE
00000105,148 Anderson Fork Suite 545,Lake Thomastown,日本,JP
00000106,1646 Diana Fort,Port Laceybury,GB,GB
00000107,46145 Jacob Locks,Joshuaborough,Great Britain,GB
00000108,453 Hobbs Terrace Apt. 936,Lawsonstad,République française,FR
00000109,921 Lee Summit,Davidstad,U.S.A.,US
00000110,169 Scott Trail,Huntmouth,FR,FR
00000111,496 Tamara Oval,West Donnaland,Japan,JP
00000112,696 Zhang Light,Michaelborough,USA,US
00000113,597 Amy Cliff Suite 173,Braystad,U.S.A.,US
00000114,13674 Holt Land Suite 491,New Sarahmouth,France,FR
00000115,83059 Mcmillan Crossing,Lake Christopherton,France,FR
00000116,90044 Oliver Plaza Suite 896,Montgomeryshire,Germany,DE
00000117,06147 Boyle Parkway,West Amyfort,Japan,JP
00000118,1877 Chase Stravenue,Lake Kellieland,DE,DE
00000119,35774 Christopher Plain Suite 449,East Kevinhaven,Great Britain,GB
00000120,62670 Baldwin Place,Danielsburgh,United States,US
00000121,39109 Jennifer Ports,West Adamfurt,FR,FR
00000122,987 Smith Run Suite 392,Carterfort,U.S.A.,US
00000123,50829 Patrick Coves Suite 425,Dianaport,U.S.A.,US
00000124,721 Haynes Stream,New Ashleyville,España,ES
00000125,86386 Gregory Ridges Apt. 536,Seanton,GB,GB
00000126,8680 Ross Canyon,Lisafort,España,ES
00000127,50110 Woods Terrace,Lake Kyleville,United States,US
00000128,1161 Travis Coves Suite 110,West Samuel,République française,FR
00000129,931 Julie Crossing,Barajasbury,United States,US
00000130,18188 Wood Well Apt. 929,West Carolynchester,GB,GB
00000131,30793 Traci Street,Lauraton,España,ES
00000132,96001 Johnson Pine Apt. 010,North Taratown,FR,FR
00000133,0251 Chase Ports,Lake Heatherland,United States,US
00000134,275 Melissa Cliff,Hickmantown,JP,JP
00000135,120 Knox Ports Apt. 845,East Tannermouth,Great Britain,GB
00000136,36917 Anna Orchard,Edwardsville,UK,GB
00000137,0376 Odonnell Mews,New Brian,JP,JP
00000138,854 Ward Station,East Michaelport,United States,US
00000139,783 April Squares,East Jennifershire,GB,GB
00000140,8894 Dawn Trafficway Suite 928,Claytonfort,République française,FR
00000141,0707 Bernard Junction Apt. 741,New Jonathanfurt,USA,US
00000142,348 Shaw Walks Suite 243,North Mary,United States,US
00000143,19960 Wong Summit Apt. 712,Webbtown,España,ES
00000144,3005 Nicholas Park,Wileychester,GB,GB
00000145,728 Greene Lock Suite 040,Christopherfurt,UK,GB
00000146,0568 Richardson Mission,Espinozachester,Japan,JP
00000147,68156 Alejandra Mills Apt. 165,Lake Sabrina,ES,ES
00000148,41898 Dawn Parkways Suite 826,Lake Randyhaven,Spain,ES
00000149,417 Dennis Union Suite 974,Lake Mollyfort,United Kingdom,GB
00000150,57960 Justin Port,Dayberg,US,US
00000151,9307 Kemp Forest Suite 560,North Michaelhaven,ES,ES
00000152,64363 Teresa Fords,Laramouth,Japan,JP
00000153,09975 Porter Plaza,Port Lindsaymouth,Spain,ES
00000154,339 King Knoll Suite 826,Bakerchester,JP,JP
00000155,99020 Rogers Haven,Triciaville,ES,ES
00000156,6348 Jeremy Summit Apt. 387,Smithchester,Japan,JP
00000157,039 Michael Road Apt. 514,South Howardport,Spain,ES
00000158,625 Mcclain Turnpike,North Matthew,Spain,ES
00000159,098 Irwin Gardens,Mccoybury,République française,FR
00000160,40948 Jeffrey Heights Suite 917,Melissafort,Japan,JP
00000161,99127 Danny Prairie,Patriciaborough,Japan,JP
00000162,45481 Thomas Garden,Ricardohaven,日本,JP
00000163,9618 Branch Isle Apt. 960,Hernandezside,Fed. Rep. of Germany,DE
00000164,5513 Nguyen Viaduct,East Emilyville,Spain,ES
00000165,9621 Latoya Estate,Garciahaven,日本,JP
00000166,1366 Meadows Throughway Suite 520,New Laura,UK,GB
00000167,9226 Derek Village,Mccoyview,DE,DE
00000168,072 Maria Fall,Jessicatown,République française,FR
00000169,820 Rice Common Apt. 465,Angelaland,JP,JP
00000170,7709 Alexis Court,Douglasmouth,日本,JP
00000171,25267 Alfred Lights,Andersonland,DE,DE
00000172,10667 Veronica Streets Suite 877,West Donna,ES,ES
00000173,442 Juarez Key,East Robert,Great Britain,GB
00000174,8245 Carter Stream Apt. 284,Haleyburgh,France,FR
00000175,3523 Barker Mountains Apt. 358,Shawtown,日本,JP
00000176,5372 Sarah Green,West Juan,España,ES
00000177,58112 Ronald Mill Suite 605,South Michael,UK,GB
00000178,7580 Stanley Islands Apt. 126,North Ebony,GB,GB
00000179,83568 Alyssa Burgs,Johnstad,FR,FR
00000180,37830 Richardson Bypass,Robertside,US,US
00000181,117 Frank Haven,West Carlosview,Great Britain,GB
00000182,795 Lee Mews Suite 360,South Mary,U.S.A.,US
00000183,018 Peter Springs,Zimmermanchester,United Kingdom,GB
00000184,73901 Sean Creek,Pinedamouth,France,FR
00000185,852 Padilla Corner Apt. 789,Lake Rebeccaland,DE,DE
00000186,2863 Theresa Stream,Port Blakemouth,France,FR
00000187,5993 Wade Ridges,Williamborough,FR,FR
00000188,716 Dana Pines Apt. 779,East Angelabury,Germany,DE
00000189,416 Williams Pike,Johnville,DE,DE
00000190,1598 Velasquez Alley Apt. 046,Kennedytown,España,ES
00000191,45985 Nancy Stream Suite 216,New Nicholasfort,UK,GB
00000192,2414 Weber Lodge Suite 840,Thomastown,Spain,ES
00000193,683 Duran Manor Suite 782,West Elizabeth,Germany,DE
00000194,665 Goodwin Loop Suite 413,Hallstad,United States,US
00000195,91754 Andrew Corners Apt. 344,Jacobtown,USA,US
00000196,210 Henry Mountains Suite 532,East Christopher,France,FR
00000197,1351 Amanda Lodge Suite 126,Devinmouth,Japan,JP
00000198,7897 Shelley Plaza,Longstad,FR,FR
00000199,06378 Robert Extensions,South Joshua,France,FR
00000200,88206 Jensen Knolls Apt. 558,Michaelmouth,日本,JP
00000201,423 Richard Manor,West Robertotown,UK,GB
00000202,97452 Stephanie Oval,North William,Deutschland,DE
00000203,09006 Williams Street Apt. 840,Stevenschester,U.S.A.,US
00000204,763 Jessica Tunnel,Tomland,France,FR
00000205,941 White Locks,Joshuaport,日本,JP
00000206,679 Bryan Islands Suite 084,New Heather,Spain,ES
00000207,491 Spencer Tunnel,Karenton,République française,FR
00000208,0167 Williams Mall,Clarketown,U.S.A.,US
00000209,95667 Cooley Stravenue,Michaelfurt,DE,DE
00000210,255 Richard Landing,West Sandrastad,FR,FR
00000211,564 John Springs Apt. 559,North Melissamouth,FR,FR
00000212,17434 Tucker Summit,New Stephanie,UK,GB
00000213,82633 Amy Meadow Suite 309,Gregorybury,Japan,JP
00000214,71103 Rogers Well Suite 937,East Phillip,Spain,ES
00000215,99821 Rachel Pines,East Michaelchester,España,ES
00000216,06907 Wesley Divide,Beckerstad,Fed. Rep. of Germany,DE
00000217,02935 Shelby Summit Suite 970,Port Charlesmouth,US,US
00000218,02407 Jackson Light,Sarahhaven,Fed. Rep. of Germany,DE
00000219,697 Mercer Haven,South Michaelhaven,FR,FR
00000220,34963 Brian Landing,South Sheila,FR,FR
00000221,57614 Michael Summit Suite 930,Port Robertport,España,ES
00000222,013 Luis Lake Apt. 801,North Damonberg,United States,US
00000223,594 Melton Valleys,Charlesburgh,日本,JP
00000224,97011 Rojas Circles Suite 835,Lake Samanthahaven,United States,US
00000225,3189 Michael Loaf Apt. 763,South Michaelmouth,France,FR
00000226,363 Nguyen Extensions,Sosaborough,JP,JP
00000227,5148 Boyd Cove,Bonnieshire,US,US
00000228,198 Tammy Fields,South Stephaniemouth,United States,US
00000229,8090 Lynn Viaduct Apt. 105,Martinbury,Japan,JP
00000230,725 Gonzales Prairie Suite 351,North Sonya,France,FR
00000231,8529 Newman Parkways,North Nicolemouth,USA,US
00000232,76539 Williams Roads,Port Shannonstad,日本,JP
00000233,91665 Kline Causeway Suite 772,Kristenside,Great Britain,GB
00000234,24966 Jason Green,Saraburgh,UK,GB
00000235,687 Lowe Greens Apt. 635,Kempbury,FR,FR
00000236,08232 Love Gateway Suite 954,Morrisonton,Japan,JP
00000237,610 Davidson Road Suite 388,Sarahfurt,GB,GB
00000238,846 Hogan Street,West Leslie,JP,JP
00000239,176 Kevin Fields Apt. 302,North John,USA,US
00000240,38228 Mitchell Burg,West Wesleyton,France,FR
00000241,8313 Avila Mill Apt. 218,West Lindsaychester,Great Britain,GB
00000242,53585 Carrillo Valley Apt. 841,Susanfurt,United States,US
00000243,15899 Barron Drive,New Jameschester,Germany,DE
00000244,70318 Patterson Mission Apt. 348,Crawfordfurt,Germany,DE
00000245,714 Paul Springs,West Stacie,France,FR
00000246,8909 Mcdaniel Mountains Apt. 020,Danielborough,UK,GB
00000247,0196 Boone Valley Apt. 004,West Billyville,UK,GB
00000248,23284 William Viaduct Apt. 772,South Anita,Great Britain,GB
00000249,1211 Russell Fields Apt. 581,Victoriatown,JP,JP
00000250,51659 Mcdonald Rapids,West Scott,U.S.A.,US
00000251,593 Knox Greens,Michelestad,UK,GB
00000252,21563 Maria Forks Suite 122,New Adamstad,U.S.A.,US
00000253,194 Eric Stream Suite 093,Watkinsville,France,FR
00000254,089 Deborah Stravenue Apt. 605,West Jamesview,UK,GB
00000255,87662 Petersen Way Apt. 394,Port John,FR,FR
00000256,0232 Whitney Ports,Port Steve,United Kingdom,GB
00000257,0621 Lisa Square,East Jennifer,Fed. Rep. of Germany,DE
00000258,941 Jacqueline Prairie Suite 855,West Jonathanchester,ES,ES
00000259,7780 Joshua Cliff,Port Kayla,FR,FR
00000260,42819 Baker Creek,Port Brooke,GB,GB
00000261,4940 Harris Coves,Freemanside,ES,ES
00000262,89140 Joseph Coves Apt. 990,West Jasonberg,République française,FR
00000263,7377 Collins Canyon Suite 398,Millerville,日本,JP
00000264,3222 Bryan Mount Suite 632,Cynthiamouth,Great Britain,GB
00000265,221 Wendy Wall,West Phyllis,Japan,JP
00000266,230 Rivera Divide Suite 385,Larrymouth,DE,DE
00000267,1096 John Stravenue,Mariaburgh,GB,GB
00000268,0190 Michael Canyon Suite 918,Cabreraburgh,DE,DE
00000269,43205 Doyle Views,East Allen,Spain,ES
00000270,3717 Rachel Lane Suite 246,Diazburgh,République française,FR
00000271,920 Katherine Lodge,Lake Kimberly,United States,US
00000272,324 Sanchez Lodge Suite 752,Angelamouth,Deutschland,DE
00000273,08944 Terrell Branch Apt. 773,East Jenniferborough,United States,US
00000274,39548 Edward Mall Suite 787,New Veronicabury,United States,US
00000275,940 Alan Cove,Richardsview,République française,FR
00000276,480 Marissa Locks Apt. 402,Washingtontown,ES,ES
00000277,582 Ramos Common,Andrewmouth,République française,FR
00000278,14988 Elliott Springs,New Jamestown,UK,GB
00000279,47682 Kevin Junction Apt. 687,Joycemouth,Germany,DE
00000280,661 Mayo Shore,Melendezport,United States,US
00000281,414 Padilla Stravenue,Port Katrinaview,France,FR
00000282,176 Sarah Forks,Scottport,France,FR
00000283,3839 Fisher Islands,Smithmouth,République française,FR
00000284,50248 Jeffrey Landing Apt. 304,Morrowside,Germany,DE
00000285,92133 Kevin Valley,New Joel,España,ES
00000286,543 Jacqueline Port Apt. 194,Mirandaville,France,FR
00000287,9621 Debra Islands,Douglaschester,Fed. Rep. of Germany,DE
00000288,1494 Cochran Harbors,Emilyburgh,United States,US
00000289,2550 Tamara Course Apt. 876,Hayestown,UK,GB
00000290,4020 Stone Lodge,New Lauren,日本,JP
00000291,851 Bridges Isle Suite 680,Matthewshire,Germany,DE
00000292,734 Miller Point Suite 064,Donaldport,日本,JP
00000293,2861 Miller Mall Apt. 377,Jonesmouth,France,FR
00000294,4205 Morales Well Apt. 060,Meyerhaven,FR,FR
00000295,7153 Frye Mountains,Ericbury,Deutschland,DE
00000296,9509 Jeffery Center Suite 555,North Russell,JP,JP
00000297,800 Timothy Plains Apt. 158,North Jeremy,France,FR
00000298,6550 Fernandez Harbors,Tonyafurt,US,US
00000299,8347 Erickson Rest,Dennisburgh,Spain,ES
00000300,36777 Stephanie Shoal,North Sherryshire,ES,ES
00000301,54466 Phillips Tunnel,Carrton,FR,FR
00000302,081 Loretta Passage,Lake Angela,Japan,JP
00000303,961 Mark Trafficway,South Daniellefurt,GB,GB
00000304,6786 Kelly Valleys Apt. 297,Smithchester,FR,FR
00000305,16904 Phillips Glen Suite 609,Lake Jamesberg,GB,GB
00000306,982 Amy Vista,Jonesbury,United Kingdom,GB
00000307,7270 Fernandez Meadows Suite 562,Williamsborough,Japan,JP
00000308,847 Brenda Mall Apt. 360,Port Robertchester,Great Britain,GB
00000309,343 Henry Ranch,New Ginaburgh,United States,US
00000310,5591 James Fields Suite 906,South Teresachester,Japan,JP
00000311,778 Michael Lakes Suite 514,Foleyfort,République française,FR
00000312,7028 John Roads,Port Robertfort,USA,US
00000313,17455 Karen Divide,New Donaldville,Deutschland,DE
00000314,9978 Simpson Light,West Bobby,Spain,ES
00000315,59489 Evans Cape,South Ashleystad,FR,FR
00000316,278 Emily Squares Apt. 169,East Melissamouth,France,FR
00000317,2270 Kathryn Court Apt. 613,Thomasborough,France,FR
00000318,097 John Camp,Jesuston,US,US
00000319,32248 Amanda Rest Apt. 839,East David,Deutschland,DE
00000320,55694 Ashley Motorway,New Garyburgh,Japan,JP
00000321,86290 Amanda Locks,Jennahaven,Fed. Rep. of Germany,DE
00000322,3806 Ford Trafficway,Torresfort,US,US
00000323,624 Sharon Squares Suite 401,Fowlerland,République française,FR
00000324,2390 Susan Freeway Suite 494,Powellmouth,España,ES
00000325,1562 Paul Trafficway,South Daisyport,République française,FR
00000326,255 Simpson Lock Suite 412,Julieberg,Japan,JP
00000327,914 Steven Viaduct Apt. 381,North Donaldburgh,GB,GB
00000328,17068 Green Stream Apt. 499,Lisafort,España,ES
00000329,7797 Tanner Brooks,Jessicaton,France,FR
00000330,76984 Moody Knolls,North Stephanie,Spain,ES
00000331,3790 Snyder Prairie Suite 734,Hubbardland,GB,GB
00000332,25026 Michelle Rue Apt. 338,Thomashaven,Germany,DE
00000333,60364 Diaz Bypass,East Diane,United States,US
00000334,835 Brooks Trace Apt. 292,East Stephanie,République française,FR
00000335,814 Price Ville,Port Michael,日本,JP
00000336,15898 Justin Bridge Apt. 058,Port Sarah,DE,DE
00000337,6553 Smith Union Suite 642,West Carolinefort,FR,FR
00000338,774 Stacey Plaza,Ritamouth,Deutschland,DE
00000339,02804 Perez Vista,Moranview,日本,JP
00000340,737 Parrish Villages Suite 113,Sydneytown,France,FR
00000341,91176 Meyers Locks Apt. 307,Lake Michaelshire,GB,GB
00000342,78582 Brandon Inlet,Reginamouth,UK,GB
00000343,7719 Tammy View,South William,日本,JP
00000344,693 Renee Springs Suite 858,Cynthiaville,España,ES
00000345,118 Michele Gardens Suite 430,West David,JP,JP
00000346,8491 Myers Cape,West Benjamin,España,ES
00000347,7824 Jennifer Extensions,Paulmouth,FR,FR
00000348,797 Richard Glen,North Justinport,ES,ES
00000349,0979 Woods Stravenue Apt. 930,East Janet,France,FR
00000350,96353 Meadows Road Suite 112,Franciscohaven,France,FR
00000351,40128 May Cliffs Suite 452,Donaldland,U.S.A.,US
00000352,9044 William Alley Suite 009,Jonesberg,FR,FR
00000353,330 Webster Shore,Lake Joseph,Spain,ES
00000354,9328 Nicole Junctions,Ginaborough,United States,US
00000355,906 Lewis Loop,Port Meghanport,US,US
00000356,49095 Dakota Via Suite 608,Karenton,France,FR
00000357,0207 Brown Forge,Smithtown,日本,JP
00000358,0755 Sherry Harbors Apt. 446,Kevinfort,JP,JP
00000359,29823 Trevino Course,Roblesberg,UK,GB
00000360,92727 Mejia Rapids,Shawbury,U.S.A.,US
00000361,834 Bell Knolls Apt. 144,East Marissa,République française,FR
00000362,2343 Whitney Vista Suite 711,Johnsonshire,日本,JP
00000363,6606 Annette Mills,South Kimville,FR,FR
00000364,13873 Kristina Loaf,South Elijahmouth,République française,FR
00000365,294 Joseph Brook,East Gregfort,United States,US
00000366,48877 Jillian Corner Suite 418,South Michael,United Kingdom,GB
00000367,1691 Stephens Center,South Gerald,United States,US
00000368,46023 Miranda Spur,Atkinsbury,DE,DE
00000369,520 Bailey Isle Apt. 898,South Kaitlinchester,日本,JP
00000370,9583 Kelly Port,Andersonside,Japan,JP
00000371,687 Oconnor Drive Apt. 251,Justinmouth,JP,JP
00000372,05692 Larson Passage Apt. 637,Timothyland,España,ES
00000373,909 Williams Prairie,Jeffreybury,République française,FR
00000374,27777 Hernandez Points,Dianafurt,USA,US
00000375,4827 Laura Mission Apt. 259,South Donnaland,JP,JP
00000376,3437 Morgan Loaf Suite 757,Fordport,DE,DE
00000377,6057 David Viaduct Apt. 823,North Alvin,Japan,JP
00000378,7497 Lauren Fork,Kimberlyside,GB,GB
00000379,79728 Anthony Flat Apt. 645,Schroederland,FR,FR
00000380,19896 Thomas Route Apt. 582,Jillview,France,FR
00000381,783 Krista Prairie,Hugheston,US,US
00000382,199 Megan Glen Suite 810,West Jimmy,Spain,ES
00000383,2963 Williams Course,Taylorville,USA,US
00000384,9819 Dean Isle,West Lindsay,日本,JP
00000385,9684 Ashley Isle Suite 937,East Michael,United Kingdom,GB
00000386,66597 Tony Inlet,Lake Brianmouth,Deutschland,DE
00000387,7699 Anderson Villages,Hoganland,U.S.A.,US
00000388,171 Graham Rapid Apt. 405,North Victoriaborough,España,ES
00000389,929 Juan Cove Suite 793,Smithfurt,USA,US
00000390,3625 Christina Viaduct,Port Jerry,France,FR
00000391,90570 Kathryn Land,Walkerport,Japan,JP
00000392,4016 Michael Manor Suite 959,Colinburgh,Japan,JP
00000393,0595 Patty Cove,North Jaclynside,JP,JP
00000394,4326 Gardner Ways Suite 794,Kimberlyview,Japan,JP
00000395,0504 Kurt Gardens,Calderonport,Japan,JP
00000396,8855 Shelby Orchard,Kimberlyshire,日本,JP
00000397,66440 Patrick Mills,Susanmouth,Deutschland,DE
00000398,891 Schultz Burgs,Chenburgh,ES,ES
00000399,622 Martin Landing,South Daniellemouth,日本,JP
00000400,2047 Richard Field Apt. 567,New Christine,España,ES
00000401,404 Copeland Circles Suite 618,East Justinmouth,UK,GB
00000402,77764 Sara Run,Campbellchester,JP,JP
00000403,97862 Martinez Way,Meyerfort,USA,US
00000404,878 Ian Spur,Harrisonton,日本,JP
00000405,93858 Padilla Stream,Hoffmanville,France,FR
00000406,44074 Rollins Cape Apt. 200,Carolynmouth,Fed. Rep. of Germany,DE
00000407,1238 Mitchell Extensions,East Rebecca,United States,US
00000408,137 Shelton Plaza,West Michael,U.S.A.,US
00000409,70646 Elliott Curve,South Derekshire,France,FR
00000410,926 Matthew Mews Suite 097,Port Blake,Japan,JP
00000411,491 Shawn Prairie,West Bettymouth,Fed. Rep. of Germany,DE
00000412,66361 Ronald Mill,Susanview,US,US
00000413,119 Amy Views,North Terri,Deutschland,DE
00000414,459 Ronald Roads,Lake Rogerport,USA,US
00000415,77304 Erickson Run Suite 393,East Randy,Japan,JP
00000416,79684 Baker Harbor Suite 345,Gallaghertown,United Kingdom,GB
00000417,879 Jacob Trafficway Apt. 090,South Jason,USA,US
00000418,07124 Jeffrey Estate Suite 055,Josephchester,Great Britain,GB
00000419,869 Castro Rue Suite 534,South Alexmouth,US,US
00000420,7269 Henry Green,Alexandermouth,ES,ES
00000421,2503 Laura Curve,North Nicoleberg,Japan,JP
00000422,42404 Richard Locks,East Nataliefort,FR,FR
00000423,4232 Miller Lake,Goodmanmouth,GB,GB
00000424,9851 Judy Trail Suite 408,Garzahaven,République française,FR
00000425,0890 Barton Well,Richardburgh,日本,JP
00000426,0273 Brian Rapid,West Rhondamouth,FR,FR
00000427,8636 Brenda Park,Ayalafurt,日本,JP
00000428,782 Sandra Haven Apt. 576,Jamesshire,République française,FR
00000429,75317 Jason River,Ronaldview,GB,GB
00000430,183 Alexander Meadow,Baileyfort,Spain,ES
00000431,2314 Andrea Road,Lake Thomaston,France,FR
00000432,70464 Krista Manor Apt. 122,Maryborough,GB,GB
00000433,81216 Sherri Locks Suite 019,West Beverlyside,USA,US
00000434,1002 Bradshaw Lodge Suite 480,Lake Kylemouth,日本,JP
00000435,7185 Brady Mill Suite 499,Snowton,Deutschland,DE
00000436,47172 Kimberly Manors,Angelaburgh,Germany,DE
00000437,4882 Chelsea Alley,Hallside,Japan,JP
00000438,980 Nunez Place,Cantrellhaven,España,ES
00000439,91752 Barnes Glens Apt. 089,Dennisbury,FR,FR
00000440,10187 Wong Ranch,West Jamesmouth,ES,ES
00000441,9807 Russell Terrace Apt. 976,Lake Christopherville,Deutschland,DE
00000442,5242 Blake Wall,West Williamberg,Great Britain,GB
00000443,7010 Williams Circle Suite 638,Websterborough,日本,JP
00000444,2938 Thomas Gateway,Johnhaven,日本,JP
00000445,5762 Molina Skyway Apt. 737,Elliottstad,Spain,ES
00000446,7266 Anne Circle,New Susan,Great Britain,GB
00000447,661 Campos Lights,Miaview,España,ES
00000448,8583 Jesse Meadow Apt. 399,West Mark,France,FR
00000449,753 Fowler Plain Suite 217,Sydneyfurt,US,US
00000450,868 King Corner Suite 292,Port Anthony,United Kingdom,GB
00000451,24276 Stewart Dale Suite 074,West Michaelport,U.S.A.,US
00000452,48186 Lucas Parkways,New Mark,France,FR
00000453,87413 Ross Bridge Apt. 034,South Johnhaven,USA,US
00000454,53855 Gregory Light,Port Laurachester,Deutschland,DE
00000455,399 Danny Via Apt. 428,Muellermouth,U.S.A.,US
00000456,6978 Debra Mountain,Hernandezstad,France,FR
00000457,5792 Knapp Islands,Rebeccafurt,US,US
00000458,416 Jorge Crossing,North Michaelville,日本,JP
00000459,726 Cynthia Roads,Port Johnchester,ES,ES
00000460,61349 Christopher Landing,Emilytown,Germany,DE
00000461,1506 Clark Loop Apt. 259,Jamesland,日本,JP
00000462,4121 Erica Cliffs,Jessicafurt,JP,JP
00000463,87442 Thomas Estate,East Michael,République française,FR
00000464,087 Christian Mews,New John,ES,ES
00000465,67400 Juarez Cape Suite 903,Port Lisa,España,ES
00000466,35724 Zachary Walks,Victorport,Great Britain,GB
00000467,2345 Michael Highway Suite 011,East Michael,Deutschland,DE
00000468,7494 Tammy Pines,Debbieburgh,FR,FR
00000469,3975 Stone Rapid,West Donna,Deutschland,DE
00000470,86735 Donald Ford,Michelletown,UK,GB
00000471,87610 Robert Dale,Johnsonton,USA,US
00000472,015 Francisco Gateway,Lake Ronald,JP,JP
00000473,585 Brandi Brooks Apt. 075,Port Ryan,Fed. Rep. of Germany,DE
00000474,127 Castaneda Extension,Danielport,日本,JP
00000475,911 Scott Landing,Lake Reginamouth,République française,FR
00000476,5685 Stein Tunnel Apt. 213,South Robertfort,USA,US
00000477,795 Michael Spur Suite 508,East Meganmouth,République française,FR
00000478,4175 Gardner Cliff Apt. 939,Taylorburgh,US,US
00000479,707 Adams Squares,West Kevin,U.S.A.,US
00000480,26614 William View Suite 029,West Sarah,日本,JP
00000481,16401 Jeffrey Glens Suite 992,South Melissafurt,France,FR
00000482,3901 Matthew Field,Lake Brianville,FR,FR
00000483,012 Erin Way Apt. 995,South Shirleymouth,Deutschland,DE
00000484,1314 Anthony Wall,Michellechester,France,FR
00000485,7473 Emily Corner Apt. 038,Lake Aaron,Fed. Rep. of Germany,DE
00000486,2710 Laurie Burgs,East Shannonborough,España,ES
00000487,77897 Nelson Flats Suite 502,Sheilabury,España,ES
00000488,3093 Mcmillan Key Apt. 106,East Jacob,España,ES
00000489,7712 Pierce Pike Apt. 496,Michaelport,GB,GB
00000490,6624 Reed Drive Apt. 992,Turnerburgh,FR,FR
00000491,4514 Sara Port,Snyderchester,Great Britain,GB
00000492,8669 Williams Oval Suite 276,North Alyssa,FR,FR
00000493,09552 Keith Knolls,South Emily,DE,DE
00000494,955 Stephens Dale,Elizabethhaven,Great Britain,GB
00000495,4640 William Village,South Stephaniehaven,UK,GB
00000496,44480 Christy Motorway,Cookview,United Kingdom,GB
00000497,2818 Ashley Dam Suite 048,Vickimouth,US,US
00000498,277 Smith Alley,Austinborough,Deutschland,DE
00000499,34079 Jackson River Apt. 963,Robertmouth,Spain,ES
00000500,102 Dalton Lake Suite 310,East Lisa,DE,DE
