pernr,first_name,last_name,gender,language,country,marital_status,form_of_address
00000001,Andrew,Sullivan,M,EN,JP,D,様
00000002,Haley,Taylor,F,ES,US,S,Sra.
00000003,Kaitlin,Davis,F,DE,GB,S,Frau
00000004,Emily,Reynolds,F,EN,DE,M,Frau
00000005,Jonathon,Rogers,M,DE,JP,S,Herr
00000006,Nicholas,Cook,M,ES,GB,S,Sr.
00000007,Jennifer,Rodriguez,F,EN,JP,S,様
00000008,Robert,Lopez,M,EN,GB,M,Mr
00000009,Jeremy,Jackson,M,JA,US,S,様
00000010,Sarah,Davis,F,EN,ES,M,Sra.
00000011,Michael,Preston,M,DE,DE,M,Herr
00000012,Allison,Evans,F,DE,FR,S,Frau
00000013,Christopher,Greene,M,DE,FR,W,Herr
00000014,Kathryn,Randolph,F,FR,US,S,Mme
00000015,Wendy,Ortiz,N,EN,DE,W,Mx.
00000016,Steven,Hill,M,DE,DE,M,Herr
00000017,Zachary,Byrd,M,EN,US,W,Mr
00000018,Samuel,Woods,M,FR,DE,S,Herr
00000019,Joshua,Rowe,M,EN,ES,S,Sr.
00000020,Robin,Hunt,F,DE,US,S,Frau
00000021,Patricia,Cannon,F,EN,ES,S,Sra.
00000022,Brandon,Bentley,M,EN,DE,M,Herr
00000023,Jonathan,Lang,M,EN,US,S,Mr
00000024,Jason,Tucker,M,EN,DE,M,Herr
00000025,Angela,Mcdonald,F,ES,US,S,Sra.
00000026,John,May,M,EN,DE,S,Herr
00000027,Melissa,Brown,F,JA,ES,M,Sra.
00000028,Sarah,Morris,F,JA,ES,S,Sra.
00000029,Emily,Reed,F,DE,DE,M,Frau
00000030,John,White,M,EN,US,M,Mr
00000031,Kathleen,Bean,F,EN,FR,M,Mme
00000032,Ronald,Hanson,M,ES,ES,S,Sr.
00000033,Michael,Rodriguez,M,EN,ES,M,Sr.
00000034,Tina,Berry,F,EN,GB,W,Ms
00000035,Rebecca,Perry,F,DE,FR,M,Frau
00000036,Noah,Lewis,M,ES,DE,S,Herr
00000037,Mitchell,Wiley,M,ES,US,M,Sr.
00000038,Peter,Ramos,M,EN,GB,M,Mr
00000039,Johnny,Anderson,M,FR,DE,M,Herr
00000040,Arthur,Caldwell,M,EN,JP,S,様
00000041,Jacob,Robertson,M,EN,ES,S,Sr.
00000042,Frank,Welch,M,ES,JP,M,Sr.
00000043,Ashley,Taylor,F,EN,ES,S,Sra.
00000044,Autumn,Woodward,F,EN,ES,M,Sra.
00000045,Holly,Bishop,F,EN,JP,S,様
00000046,Richard,Gross,M,ES,JP,M,Sr.
00000047,Donna,Bryant,F,ES,DE,S,Frau
00000048,Alicia,Johnson,F,FR,GB,S,Mme
00000049,Rhonda,Powell,F,ES,GB,W,Sra.
00000050,Kelsey,Harrell,F,EN,JP,D,様
00000051,Victoria,Henderson,F,DE,DE,M,Frau
00000052,Ashley,Flynn,F,EN,GB,S,Ms
00000053,Bradley,Banks,M,EN,DE,M,Herr
00000054,Denise,Schwartz,F,DE,DE,M,Frau
00000055,Jennifer,Hartman,F,JA,ES,M,Sra.
00000056,Jeanette,Hughes,F,EN,GB,S,Ms
00000057,Michelle,Curtis,F,EN,GB,M,Ms
00000058,Todd,Erickson,M,EN,ES,M,Sr.
00000059,Jeffrey,Clay,M,EN,JP,W,様
00000060,Amy,Burnett,F,JA,ES,S,Sra.
00000061,Diane,Nguyen,F,DE,GB,M,Frau
00000062,Virginia,Potts,F,DE,GB,M,Frau
00000063,Joshua,Bates,M,ES,JP,S,Sr.
00000064,Chad,Medina,M,EN,ES,S,Sr.
00000065,Janice,Rios,F,DE,US,S,Frau
00000066,Jacqueline,Leblanc,F,DE,US,S,Frau
00000067,Marcia,Martinez,F,DE,JP,S,Frau
00000068,Kurt,Wong,M,JA,ES,M,Sr.
00000069,Robyn,Mcdaniel,F,ES,ES,M,Sra.
00000070,John,Taylor,M,EN,DE,M,Herr
00000071,Jessica,Collier,F,ES,GB,D,Sra.
00000072,Jason,Cruz,M,EN,FR,S,M.
00000073,Dustin,Griffin,M,EN,JP,S,様
00000074,Rebecca,Sellers,F,EN,FR,M,Mme
00000075,Michelle,Perry,F,EN,FR,S,Mme
00000076,Evan,Nelson,M,DE,JP,S,Herr
00000077,Crystal,Fry,F,FR,ES,S,Mme
00000078,Kevin,Rowe,M,JA,JP,S,様
00000079,Samuel,Griffin,M,DE,FR,M,Herr
00000080,Michael,Sullivan,M,DE,GB,S,Herr
00000081,Justin,Peterson,M,EN,GB,S,Mr
00000082,Sandra,Rogers,F,EN,GB,S,Ms
00000083,James,Waters,M,DE,ES,M,Herr
00000084,Breanna,Delgado,F,DE,US,S,Frau
00000085,Kelly,Martin,F,ES,JP,M,Sra.
00000086,Kyle,Williams,M,EN,GB,S,Mr
00000087,Wendy,Aguirre,F,EN,JP,S,様
00000088,Jason,Dennis,M,DE,GB,M,Herr
00000089,Valerie,Cruz,F,EN,ES,S,Sra.
00000090,John,Young,M,EN,US,S,Mr
00000091,Jacob,Cooke,M,FR,US,S,M.
00000092,Alex,Carr,M,EN,GB,D,Mr
00000093,Craig,Edwards,M,FR,ES,S,M.
00000094,Carl,Bryan,M,EN,DE,M,Herr
00000095,Kathryn,Branch,F,EN,JP,S,様
00000096,Brittney,Newman,F,EN,JP,S,様
00000097,Elizabeth,Lopez,F,ES,FR,S,Mme
00000098,Angela,Mccarthy,F,EN,ES,D,Sra.
00000099,Brian,Watson,M,ES,FR,S,M.
00000100,Andrew,Hernandez,M,EN,GB,S,Mr
00000101,Aaron,Aguilar,M,ES,FR,S,M.
00000102,Michael,Horton,M,EN,US,S,Mr
00000103,Jamie,Johnson,F,FR,JP,S,Mme
00000104,Jennifer,Hughes,F,DE,FR,M,Frau
00000105,Dennis,Bowman,M,JA,US,S,様
00000106,Christopher,Best,M,EN,ES,S,Sr.
00000107,Valerie,Herman,F,EN,FR,M,Mme
00000108,Ann,Whitaker,F,EN,GB,S,Ms
00000109,Gabriel,Knight,M,ES,GB,S,Sr.
00000110,Heather,Velasquez,F,DE,GB,S,Frau
00000111,Jessica,Collier,F,ES,JP,M,Sra.
00000112,Michael,Miller,M,EN,FR,S,M.
00000113,Caleb,Mullen,M,EN,ES,S,Sr.
00000114,Renee,Thomas,F,EN,FR,S,Mme
00000115,Kathy,Smith,F,JA,JP,M,様
00000116,Jessica,Nguyen,F,FR,US,S,Mme
00000117,Eric,Pearson,M,JA,JP,M,様
00000118,Joseph,Patterson,M,EN,GB,M,Mr
00000119,Alicia,Randall,F,FR,US,M,Mme
00000120,Danielle,Mcdowell,F,FR,GB,S,Mme
00000121,Glen,Frank,M,EN,DE,S,Herr
00000122,Sabrina,Scott,F,ES,JP,S,Sra.
00000123,Elizabeth,Walls,F,JA,JP,S,様
00000124,Julie,Williams,F,ES,ES,S,Sra.
00000125,Kelly,Pena,F,FR,FR,M,Mme
00000126,Sandra,Manning,F,EN,US,S,Ms
00000127,Joseph,Manning,M,EN,US,S,Mr
00000128,Denise,Black,F,JA,ES,M,Sra.
00000129,James,Shaw,M,EN,ES,M,Sr.
00000130,Karen,Diaz,F,FR,FR,S,Mme
00000131,Chad,Gonzalez,M,FR,GB,M,M.
00000132,Margaret,Barrera,F,FR,FR,S,Mme
00000133,Andrew,Kirk,M,JA,JP,M,様
00000134,Thomas,Rodriguez,M,EN,GB,M,Mr
00000135,Noah,Allison,M,EN,DE,M,Herr
00000136,Brandon,Brown,M,EN,FR,M,M.
00000137,Krista,Campbell,F,DE,ES,S,Frau
00000138,Amy,Ray,F,EN,GB,S,Ms
00000139,Mallory,Townsend,F,EN,FR,M,Mme
00000140,Sean,Stone,M,ES,US,S,Sr.
00000141,Richard,Gordon,M,JA,DE,D,Herr
00000142,John,Benson,M,EN,JP,S,様
00000143,Steven,Strong,M,EN,US,S,Mr
00000144,April,Thompson,F,JA,US,S,様
00000145,Michael,Perkins,M,EN,DE,S,Herr
00000146,James,Hill,M,EN,JP,M,様
00000147,Travis,Bautista,M,EN,ES,M,Sr.
00000148,Walter,Long,M,DE,GB,M,Herr
00000149,Amanda,Cruz,F,EN,JP,M,様
00000150,Destiny,Logan,F,JA,FR,D,Mme
00000151,Brandon,Livingston,M,DE,US,M,Herr
00000152,Troy,Ho,M,DE,FR,S,Herr
00000153,Joseph,Mitchell,M,EN,ES,M,Sr.
00000154,Ryan,Vazquez,M,DE,FR,S,Herr
00000155,Christopher,Jones,M,FR,JP,S,M.
00000156,Dana,Michael,F,ES,FR,M,Mme
00000157,Courtney,Rivera,F,ES,ES,S,Sra.
00000158,Linda,Kramer,F,DE,ES,S,Frau
00000159,Trevor,Rich,M,JA,ES,S,Sr.
00000160,Matthew,Turner,M,ES,JP,S,Sr.
00000161,Katelyn,Smith,F,ES,ES,D,Sra.
00000162,Katherine,Floyd,F,EN,US,S,Ms
00000163,Courtney,Fowler,F,EN,ES,S,Sra.
00000164,Michael,Kelly,M,EN,FR,S,M.
00000165,Joanne,Bishop,F,FR,GB,S,Mme
00000166,Larry,Campos,M,DE,FR,D,Herr
00000167,Monica,Bryant,F,DE,GB,S,Frau
00000168,Susan,Gordon,F,ES,FR,M,Mme
00000169,Maria,Solomon,F,ES,JP,M,Sra.
00000170,Jeremy,Howard,M,JA,FR,D,M.
00000171,Jennifer,Logan,F,EN,JP,M,様
00000172,Chad,Reynolds,M,FR,JP,M,M.
00000173,Patrick,Hamilton,M,EN,ES,S,Sr.
00000174,Stephen,White,M,EN,US,S,Mr
00000175,Ann,Harvey,F,EN,GB,S,Ms
00000176,Kelly,Sawyer,M,EN,ES,D,Sr.
00000177,Donald,Greene,M,DE,ES,S,Herr
00000178,Katherine,Warren,F,ES,JP,S,Sra.
00000179,Marc,Taylor,M,EN,JP,S,様
00000180,Natasha,Edwards,F,FR,GB,S,Mme
00000181,Fred,Thomas,M,DE,FR,S,Herr
00000182,Jeffrey,Kim,M,EN,FR,W,M.
00000183,Sandra,Williams,F,DE,ES,S,Frau
00000184,Austin,Adams,M,EN,DE,M,Herr
00000185,Kenneth,Jones,M,DE,DE,M,Herr
00000186,Elizabeth,James,F,DE,FR,S,Frau
00000187,Jennifer,Roberts,F,EN,DE,S,Frau
00000188,Meghan,Smith,F,EN,FR,S,Mme
00000189,Jose,Benton,M,DE,JP,S,Herr
00000190,Aaron,Hicks,M,JA,ES,M,Sr.
00000191,Jean,Carter,F,EN,US,S,Ms
00000192,Brooke,Smith,F,FR,ES,S,Mme
00000193,Laurie,Davis,F,FR,FR,M,Mme
00000194,Joanna,Wood,F,JA,FR,D,Mme
00000195,Jessica,Henderson,F,ES,ES,M,Sra.
00000196,Donna,Byrd,F,DE,GB,M,Frau
00000197,Cory,Morris,M,FR,FR,M,M.
00000198,Amy,Jackson,F,ES,DE,S,Frau
00000199,John,Rios,M,EN,DE,M,Herr
00000200,William,King,M,EN,FR,S,M.
00000201,Taylor,Hall,F,EN,FR,M,Mme
00000202,Courtney,Cole,F,ES,GB,M,Sra.
00000203,Bryan,Brown,M,ES,DE,S,Herr
00000204,Ryan,Wang,M,EN,FR,M,M.
00000205,Theodore,Moreno,M,DE,FR,D,Herr
00000206,Carrie,Bryant,F,DE,GB,S,Frau
00000207,Melissa,Smith,F,EN,GB,M,Ms
00000208,Jeremy,Hoffman,M,JA,ES,S,Sr.
00000209,Shawn,Russell,M,EN,GB,M,Mr
00000210,Autumn,Soto,F,EN,US,S,Ms
00000211,Bryan,Smith,M,DE,DE,M,Herr
00000212,Jessica,Collins,F,FR,ES,D,Mme
00000213,Tina,Thomas,N,EN,US,D,Mx
00000214,Ricky,Garcia,M,FR,FR,M,M.
00000215,Emily,Kane,F,DE,FR,S,Frau
00000216,Donald,Powell,M,EN,ES,D,Sr.
00000217,Anthony,Cowan,M,EN,GB,S,Mr
00000218,Kimberly,Oliver,F,DE,FR,D,Frau
00000219,Jason,Chase,M,EN,JP,S,様
00000220,Patricia,Long,N,JA,ES,S,Mx.
00000221,Danielle,Henson,F,ES,US,M,Sra.
00000222,Rodney,Johnson,M,JA,ES,S,Sr.
00000223,James,Jackson,M,EN,DE,S,Herr
00000224,Zachary,Powell,M,JA,GB,S,様
00000225,Matthew,Jenkins,M,DE,GB,S,Herr
00000226,Keith,Combs,M,EN,ES,S,Sr.
00000227,Joseph,Guerrero,M,EN,FR,S,M.
00000228,Joshua,Jones,M,EN,FR,S,M.
00000229,Alyssa,Rodriguez,F,FR,JP,S,Mme
00000230,Sharon,Jackson,F,DE,JP,M,Frau
00000231,Vanessa,Duke,F,EN,GB,S,Ms
00000232,Stephen,Reid,M,FR,JP,D,M.
00000233,Michael,Smith,M,EN,US,D,Mr
00000234,Margaret,Fisher,F,DE,JP,S,Frau
00000235,Alexandra,Ortiz,F,EN,US,M,Ms
00000236,Timothy,Russell,M,ES,JP,M,Sr.
00000237,Ashley,Brown,F,ES,GB,W,Sra.
00000238,Monica,Vasquez,F,DE,GB,M,Frau
00000239,Christine,Brennan,F,EN,US,S,Ms
00000240,Joel,Johnson,M,EN,ES,M,Sr.
00000241,Natasha,Charles,F,ES,GB,M,Sra.
00000242,Rebecca,Fitzpatrick,F,EN,ES,M,Sra.
00000243,Shelley,Scott,F,EN,FR,S,Mme
00000244,April,Marquez,F,EN,US,D,Ms
00000245,Kim,Duncan,F,DE,GB,W,Frau
00000246,Shelby,Rivers,F,DE,DE,S,Frau
00000247,Kevin,Kelly,M,ES,FR,S,M.
00000248,Laura,Gordon,F,EN,ES,S,Sra.
00000249,Brenda,Brown,F,EN,GB,M,Ms
00000250,Danielle,Myers,F,ES,US,M,Sra.
00000251,Steven,Tucker,M,ES,JP,M,Sr.
00000252,Kyle,Cooper,M,EN,DE,S,Herr
00000253,Lynn,Johnson,F,DE,ES,M,Frau
00000254,Mary,Mckinney,F,EN,FR,S,Mme
00000255,Michele,Friedman,F,JA,US,S,様
00000256,Brianna,Ellis,F,EN,DE,M,Frau
00000257,Kimberly,Morse,F,JA,US,W,様
00000258,Anna,Hicks,F,FR,GB,D,Mme
00000259,Andrea,Johnson,F,DE,JP,D,Frau
00000260,Deborah,Nguyen,F,EN,FR,S,Mme
00000261,Amy,Martinez,F,DE,US,S,Frau
00000262,Douglas,Heath,M,DE,ES,M,Herr
00000263,Matthew,Downs,M,EN,GB,D,Mr
00000264,Ashley,Cox,F,FR,GB,S,Mme
00000265,Dustin,King,M,JA,FR,S,M.
00000266,William,Sullivan,M,DE,GB,S,Herr
00000267,Christopher,Gonzales,M,FR,ES,M,M.
00000268,Bryan,Li,M,EN,US,S,Mr
00000269,Gary,Ward,M,DE,FR,S,Herr
00000270,Jared,Benson,M,EN,GB,S,Mr
00000271,Sandra,Gonzalez,F,FR,GB,S,Mme
00000272,Stephanie,Mason,F,JA,ES,D,Sra.
00000273,Christopher,Delacruz,M,FR,JP,S,M.
00000274,Randy,Dawson,M,EN,JP,M,様
00000275,Melissa,Lee,F,EN,GB,M,Ms
00000276,Raymond,Wallace,M,DE,US,D,Herr
00000277,Yvette,Rivera,F,DE,FR,S,Frau
00000278,Tiffany,Morris,F,ES,GB,W,Sra.
00000279,Kelsey,Ellis,F,ES,DE,M,Frau
00000280,Keith,Dodson,M,FR,FR,W,M.
00000281,Rachel,Turner,F,EN,JP,D,様
00000282,Ryan,Murphy,M,EN,GB,S,Mr
00000283,Summer,Johnson,F,EN,ES,S,Sra.
00000284,Mary,Odonnell,F,EN,DE,S,Frau
00000285,Anthony,Moyer,M,DE,GB,M,Herr
00000286,Michael,Martin,M,FR,US,S,M.
00000287,Mark,Brown,M,FR,DE,S,Herr
00000288,Jessica,Baker,F,EN,GB,S,Ms
00000289,Jonathan,Nelson,M,EN,US,S,Mr
00000290,Mary,Johnson,F,EN,DE,S,Frau
00000291,Michael,Greer,M,EN,US,S,Mr
00000292,Emily,Mason,F,ES,US,S,Sra.
00000293,Amy,Lindsey,F,EN,DE,S,Frau
00000294,Lisa,Everett,F,DE,DE,S,Frau
00000295,Amber,Welch,F,EN,US,S,Ms
00000296,Robert,Gallagher,M,ES,JP,D,Sr.
00000297,Patrick,Villegas,M,DE,DE,M,Herr
00000298,Jill,Davis,F,EN,GB,S,Ms
00000299,Jose,Brown,M,DE,FR,S,Herr
00000300,David,Keller,M,FR,ES,M,M.
00000301,Nathan,Miller,M,JA,US,D,様
00000302,Kyle,Lopez,M,EN,US,D,Mr
00000303,Larry,Hanna,M,ES,ES,M,Sr.
00000304,Pamela,Murphy,F,JA,JP,S,様
00000305,William,Martin,M,JA,ES,S,Sr.
00000306,Lori,Gallagher,F,FR,DE,S,Frau
00000307,Matthew,Dickerson,M,FR,ES,D,M.
00000308,Michelle,Schneider,F,DE,US,M,Frau
00000309,Brandon,Schultz,M,ES,ES,M,Sr.
00000310,Jordan,Barron,F,DE,FR,S,Frau
00000311,Emily,Harper,F,FR,GB,M,Mme
00000312,Don,Torres,M,DE,DE,S,Herr
00000313,Caitlin,Reed,F,FR,ES,S,Mme
00000314,Jessica,Woods,N,ES,US,S,Mx.
00000315,Jennifer,Delgado,F,EN,GB,M,Ms
00000316,Judy,Stewart,F,ES,DE,S,Frau
00000317,Scott,Johnson,M,DE,US,D,Herr
00000318,Christine,Paul,F,ES,JP,S,Sra.
00000319,Edwin,Frank,M,DE,FR,M,Herr
00000320,Christopher,Wong,M,EN,JP,M,様
00000321,Andrew,Rodriguez,N,JA,FR,S,Mx.
00000322,Peter,Thompson,M,EN,ES,M,Sr.
00000323,Susan,Gonzales,F,ES,DE,M,Frau
00000324,Frances,Cruz,F,DE,ES,M,Frau
00000325,Jessica,Larson,F,DE,FR,D,Frau
00000326,Gregory,York,N,EN,FR,M,Mx.
00000327,Michael,Edwards,M,DE,FR,S,Herr
00000328,Dwayne,King,M,EN,GB,M,Mr
00000329,Alejandro,Greene,M,EN,US,S,Mr
00000330,Joshua,Ingram,M,EN,DE,S,Herr
00000331,John,Green,M,EN,ES,S,Sr.
00000332,Bradley,Walker,M,JA,ES,M,Sr.
00000333,Heather,Park,F,JA,JP,M,様
00000334,Sheila,Johnson,F,EN,FR,S,Mme
00000335,Chad,Payne,M,FR,FR,M,M.
00000336,Theresa,Fleming,F,EN,FR,D,Mme
00000337,Jeff,Griffin,M,FR,ES,S,M.
00000338,Edward,Lopez,M,ES,JP,S,Sr.
00000339,Summer,Keller,F,JA,US,M,様
00000340,Cynthia,Cruz,F,DE,GB,S,Frau
00000341,Toni,Paul,F,ES,DE,M,Frau
00000342,Noah,Barnes,M,EN,US,S,Mr
00000343,Angelica,Burke,F,JA,ES,S,Sra.
00000344,Destiny,Jacobs,F,EN,GB,M,Ms
00000345,Elizabeth,Myers,F,FR,GB,M,Mme
00000346,Emily,Fletcher,F,FR,GB,M,Mme
00000347,Emily,Huber,F,FR,FR,D,Mme
00000348,Denise,Flores,F,EN,DE,M,Frau
00000349,Victoria,Ayers,F,JA,ES,M,Sra.
00000350,Gary,Scott,N,EN,ES,S,Mx.
00000351,Brandi,Thompson,F,FR,GB,M,Mme
00000352,Travis,Bennett,M,EN,ES,S,Sr.
00000353,Jasmine,Welch,F,EN,DE,M,Frau
00000354,Mathew,Rodriguez,M,DE,DE,S,Herr
00000355,Ronald,Barker,M,DE,JP,M,Herr
00000356,Melissa,Lane,F,EN,JP,S,様
00000357,Dominique,Howard,F,EN,US,M,Ms
00000358,Phyllis,Burke,F,DE,DE,D,Frau
00000359,Jordan,Drake,M,ES,DE,S,Herr
00000360,Julie,Smith,F,ES,DE,D,Frau
00000361,Ronnie,Kaufman,M,EN,JP,S,様
00000362,Daniel,Dyer,N,EN,GB,M,Mx
00000363,Julia,Evans,N,EN,GB,D,Mx
00000364,Sarah,Cardenas,F,EN,ES,S,Sra.
00000365,Kristina,Kline,F,FR,GB,W,Mme
00000366,Donna,Graves,F,FR,FR,S,Mme
00000367,Sarah,Herrera,F,EN,JP,S,様
00000368,Dustin,Jackson,M,EN,DE,D,Herr
00000369,Joshua,Turner,M,EN,GB,S,Mr
00000370,Brittany,Martinez,F,ES,JP,W,Sra.
00000371,Cynthia,Wiley,F,JA,GB,W,様
00000372,Joe,Tyler,M,EN,US,S,Mr
00000373,Renee,Robinson,F,EN,DE,M,Frau
00000374,Daniel,Velazquez,M,ES,US,S,Sr.
00000375,Mary,Jones,F,JA,DE,S,Frau
00000376,Samantha,Curtis,F,DE,JP,S,Frau
00000377,Kimberly,Oliver,F,EN,ES,S,Sra.
00000378,Yolanda,King,F,EN,GB,S,Ms
00000379,Jacob,Hart,M,DE,GB,S,Herr
00000380,Brian,Nguyen,M,EN,FR,W,M.
00000381,Amy,Shaffer,F,EN,US,M,Ms
00000382,Kimberly,Montgomery,F,DE,GB,M,Frau
00000383,Brian,Roman,M,EN,JP,M,様
00000384,Kimberly,Price,F,ES,ES,M,Sra.
00000385,Christopher,Sutton,M,EN,JP,S,様
00000386,Brittany,Coleman,F,EN,US,M,Ms
00000387,Allison,Coleman,F,DE,FR,W,Frau
00000388,Barry,Schultz,M,EN,GB,S,Mr
00000389,Larry,Rodriguez,M,JA,JP,M,様
00000390,Carrie,Molina,F,DE,DE,M,Frau
00000391,Jenna,Stout,F,EN,ES,D,Sra.
00000392,Julia,Taylor,F,FR,JP,M,Mme
00000393,Anna,Maldonado,F,EN,ES,S,Sra.
00000394,Karina,Casey,F,JA,GB,S,様
00000395,Jason,Hale,N,EN,DE,S,Mx.
00000396,Victoria,Gibson,F,DE,FR,M,Frau
00000397,Joy,Rogers,F,EN,FR,S,Mme
00000398,Kevin,Villegas,M,DE,DE,D,Herr
00000399,Brandon,Russell,M,ES,ES,S,Sr.
00000400,Maria,Gomez,F,ES,GB,S,Sra.
00000401,Gabriel,Smith,M,EN,JP,S,様
00000402,Kristen,Castaneda,F,EN,DE,M,Frau
00000403,Jennifer,Lewis,F,ES,US,S,Sra.
00000404,Laura,Myers,F,JA,ES,S,Sra.
00000405,Anthony,Garner,M,EN,FR,S,M.
00000406,Jason,Boyd,M,DE,DE,S,Herr
00000407,Robert,Knapp,M,EN,FR,S,M.
00000408,Brian,Martin,M,ES,ES,M,Sr.
00000409,Bobby,Branch,M,EN,FR,M,M.
00000410,Sherry,Grant,F,EN,DE,S,Frau
00000411,Christina,Jimenez,F,ES,ES,M,Sra.
00000412,Michelle,Williams,F,EN,US,W,Ms
00000413,Melissa,Williams,F,DE,DE,M,Frau
00000414,Derek,Hernandez,M,DE,JP,M,Herr
00000415,Lori,Flores,F,EN,GB,D,Ms
00000416,Anna,Clark,F,EN,DE,W,Frau
00000417,David,Brown,M,DE,ES,M,Herr
00000418,Karen,Campbell,F,EN,GB,S,Ms
00000419,Christopher,Smith,M,DE,DE,M,Herr
00000420,Michelle,Owens,F,ES,US,M,Sra.
00000421,Jonathan,Brandt,N,ES,US,S,Mx.
00000422,Preston,Davila,M,EN,JP,S,様
00000423,Amy,Olson,F,EN,FR,M,Mme
00000424,Kathleen,Norman,F,EN,GB,M,Ms
00000425,Chad,Henry,N,EN,ES,S,Mx.
00000426,William,Joyce,M,DE,ES,M,Herr
00000427,Mary,Mason,F,FR,FR,S,Mme
00000428,Tony,Chen,M,EN,US,S,Mr
00000429,Joseph,Bruce,M,EN,US,M,Mr
00000430,Duane,Wright,M,EN,DE,S,Herr
00000431,Julian,Powers,N,FR,JP,S,Mx.
00000432,Jennifer,Contreras,F,EN,GB,W,Ms
00000433,Leah,Clark,F,FR,JP,S,Mme
00000434,Shannon,Adams,F,EN,JP,S,様
00000435,Ruben,Cobb,M,ES,DE,W,Herr
00000436,Robert,Franklin,M,ES,JP,M,Sr.
00000437,Jordan,Lane,M,EN,FR,M,M.
00000438,Dennis,Collins,M,EN,DE,D,Herr
00000439,Gregory,Smith,M,DE,FR,S,Herr
00000440,Brandon,Barker,M,EN,DE,M,Herr
00000441,James,Kaufman,M,FR,JP,M,M.
00000442,Martin,Williams,M,ES,FR,M,M.
00000443,Gregory,Cohen,M,FR,FR,M,M.
00000444,Larry,Little,M,ES,FR,M,M.
00000445,Lisa,Torres,N,EN,DE,S,Mx.
00000446,Jennifer,Johnson,F,EN,ES,S,Sra.
00000447,David,Garner,N,FR,JP,M,Mx.
00000448,Joel,Rivera,M,EN,FR,M,M.
00000449,Taylor,Norton,M,FR,GB,M,M.
00000450,Megan,Hendrix,F,EN,ES,S,Sra.
00000451,Ryan,Pearson,M,EN,GB,M,Mr
00000452,Jim,Edwards,M,JA,JP,M,様
00000453,John,Walton,M,EN,JP,M,様
00000454,Michael,Gutierrez,M,JA,FR,M,M.
00000455,Wesley,Khan,M,JA,FR,D,M.
00000456,Jared,Pierce,M,ES,DE,M,Herr
00000457,Brittany,Aguilar,F,FR,ES,M,Mme
00000458,Timothy,Greene,M,DE,ES,M,Herr
00000459,Anthony,Lewis,M,ES,FR,D,M.
00000460,Lisa,Barrera,F,EN,JP,M,様
00000461,Joseph,Woods,M,DE,FR,M,Herr
00000462,Alex,Fuller,M,FR,JP,M,M.
00000463,Joanne,Erickson,F,DE,JP,M,Frau
00000464,Alejandro,Wright,M,DE,FR,S,Herr
00000465,Robert,Richardson,M,EN,US,S,Mr
00000466,Emma,Gonzalez,F,DE,ES,W,Frau
00000467,Timothy,Moore,M,ES,GB,M,Sr.
00000468,Stephanie,Farmer,F,EN,JP,M,様
00000469,Jamie,Navarro,F,JA,JP,D,様
00000470,Juan,Sutton,M,FR,US,M,M.
00000471,Debra,Nguyen,F,ES,GB,M,Sra.
00000472,Lauren,Mcbride,F,DE,DE,M,Frau
00000473,Joshua,Clark,M,ES,US,M,Sr.
00000474,Susan,Harrell,F,EN,GB,S,Ms
00000475,James,White,M,ES,US,S,Sr.
00000476,Michelle,Kirk,F,EN,JP,S,様
00000477,Jacob,Whitehead,M,ES,ES,S,Sr.
00000478,Aaron,Kelly,M,JA,US,M,様
00000479,Cameron,Velez,M,EN,DE,S,Herr
00000480,Yvette,Henderson,F,EN,FR,S,Mme
00000481,Marco,Arroyo,M,ES,GB,S,Sr.
00000482,Patrick,Reeves,M,EN,US,S,Mr
00000483,George,Hutchinson,M,ES,US,M,Sr.
00000484,Gabrielle,Hudson,F,EN,DE,D,Frau
00000485,Crystal,Hopkins,F,EN,ES,M,Sra.
00000486,Beth,Wagner,F,JA,US,S,様
00000487,Debbie,Gomez,F,FR,US,S,Mme
00000488,Nicole,Figueroa,F,ES,ES,S,Sra.
00000489,James,Holmes,M,EN,DE,M,Herr
00000490,Linda,Jennings,F,FR,GB,S,Mme
00000491,Alicia,Alvarado,F,DE,GB,M,Frau
00000492,Ronald,Velazquez,N,FR,US,S,Mx.
00000493,Sandra,Wood,F,FR,ES,M,Mme
00000494,Christopher,Baker,M,DE,US,S,Herr
00000495,Mitchell,Murphy,M,DE,FR,S,Herr
00000496,Olivia,Mclaughlin,F,EN,GB,M,Ms
00000497,Katelyn,Marsh,F,ES,JP,S,Sra.
00000498,Elizabeth,Mejia,F,EN,FR,S,Mme
00000499,Linda,Cruz,F,FR,US,M,Mme
00000500,Kimberly,Nelson,F,EN,DE,M,Frau
